A,21967831040
AA,3977548800
AABA,32204488704
AAC,23275218
AAI,None
AAL,13754298368
AAME,49349372
AAN,3770984704
AAOI,189426208
AAP,11080633344
AAPL,874895310848
AAT,3038221568
AAWW,1030965824
AAXN,4090433536
AB,2662520064
ABB,40934899712
ABBV,114467094528
ABC,17545576448
ABCB,1734755328
ABCD,None
ABDC,104678632
ABEO,260558608
ABER,None
ABEV,70037667840
ABG,1521396864
ABGX,None
ABIL,9486090
ABIO,10318331
ABK,None
ABM,2607166976
ABMD,12087553024
ABN,None
ABP,None
ABS,None
ABT,142439890944
ABTX,692318208
ABUS,92097328
ABV,None
ABX,None
ABY,None
AC,852541184
ACA,1853708288
ACAD,3725249536
ACAS,None
ACB,7810830336
ACBI,404470176
ACC,6506912768
ACCO,784043520
ACCP,None
ACE,None
ACER,165433360
ACET,None
ACF,None
ACG,None
ACGL,14333837312
ACGLP,14164613120
ACH,7813049856
ACHC,3007857664
ACHN,388429984
ACHV,24992058
ACI,None
ACIA,1914233472
ACIU,340514016
ACIW,3575607552
ACL,None
ACLS,495121248
ACM,5266304000
ACMR,297060160
ACN,116672413696
ACOR,370598688
ACRE,427742304
ACRS,195630688
ACRX,183080944
ACS,None
ACST,69408360
ACTG,156200608
ADAP,372824544
ADBE,135728455680
ADC,2557012480
ADCT,None
ADES,234664592
ADI,37231235072
ADIL,21767750
ADM,22171330560
ADMA,224221280
ADMP,64047240
ADMS,128580048
ADNT,1907125632
ADO,None
ADOM,21129544
ADP,72648253440
ADRO,139274304
ADRX,None
ADS,7481412096
ADSK,36303187968
ADSW,2848370176
ADT,4669221376
ADTN,790764224
ADUS,955069696
ADVM,707295744
ADXS,21775830
AEA,None
AEB,45422120960
AED,52167983104
AEE,18635898880
AEG,9687965696
AEGN,458540768
AEH,52719919104
AEHR,37227300
AEIS,2060144896
AEL,2488305152
AEM,10804649984
AEMD,7015385
AEO,3007725056
AEP,44182261760
AER,6589025792
AERI,1614928896
AES,11084240896
AET,None
AETI,6563699
AEY,14920273
AEYE,56094776
AEZS,34212336
AFC,4614306816
AFFX,None
AFG,9047674880
AFH,7687428
AFI,291953408
AFIN,1108166656
AFL,40665333760
AFMD,163566848
AFSI,None
AG,1291838208
AGCO,5355753984
AGE,102353600
AGEN,362499328
AGFS,108051712
AGIO,2935565056
AGLE,182609744
AGM,744598784
AGM.A,None
AGMH,311641376
AGN,41673465856
AGNC,8984900608
AGNCB,9088684032
AGNCN,9123788800
AGO,4320684544
AGR,15957017600
AGRO,812395264
AGRX,49429816
AGS,648373568
AGTC,65961820
AGU,None
AGX,705061824
AGYS,520254880
AH,None
AHC,79815088
AHG,None
AHH,1166098048
AHL,None
AHM,None
AHPA,None
AHPI,7344778
AHT,528244288
AI,247596496
AIB,None
AIC,635787264
AIHS,113610560
AIMC,2200346112
AIMT,1260471680
AIN,2377168640
AIPT,16570591
AIR,1136688768
AIRG,132460384
AIRT,55466640
AIT,2211401728
AIY,5714267136
AIZP,6493597696
AJG,16263273472
AJRD,3057109504
AJX,253281904
AJXA,None
AKAM,13032583168
AKAO,7026800
AKBA,507989536
AKCA,2007551360
AKER,6436315
AKH,None
AKO.A,None
AKO.B,None
AKR,2427116544
AKRX,551223040
AKS,632688000
AKTS,213401856
AKTX,31238094
AKZOY,18662682624
AL,4283598848
ALA,None
ALB,7319509504
ALBO,390675296
ALCO,211700656
ALDR,1006220800
ALDX,187760800
ALE,4387557888
ALEX,1724766976
ALG,1150638336
ALGN,24614305792
ALGT,2290525440
ALIM,66058864
ALJJ,57419864
ALK,7471096832
ALKS,3582118400
ALL,33550538752
ALLE,9783504896
ALLK,1749101440
ALLT,246086784
ALLY,11855196160
ALNA,92839808
ALNY,7500205056
ALO,51445880
ALOT,182628960
ALPN,77999040
ALQA,2241248
ALRM,2616254464
ALRN,23641536
ALSK,90358128
ALSN,5295781888
ALT,30980426
ALTM,1572656384
ALTR,2509858304
ALV,5790848000
ALX,1921209344
ALXN,26549659648
ALZH,None
AM,6492710400
AMAG,327201248
AMAT,38857719808
AMB,None
AMBA,1275316608
AMBC,677345024
AMBR,369986208
AMC,1116312192
AMCN,21111720
AMCX,3138234112
AMD,35054657536
AMED,3708224256
AMEH,509337728
AMG,4571073536
AMGN,107049861120
AMGP,None
AMH,8788898816
AMID,288247424
AMKR,1694162944
AMLN,None
AMMA,None
AMMD,None
AMN,2400448512
AMNB,392558720
AMOT,324046816
AMOV,48565133312
AMP,20068192256
AMPH,946485248
AMR,29912688
AMRB,71839384
AMRC,684926336
AMRH,16453888
AMRK,90213504
AMRN,6015196672
AMRS,359017088
AMSC,177339376
AMSF,1173686912
AMSWA,420807296
AMTB,710997760
AMTD,28832671744
AMTX,17930352
AMWD,1309901184
AMX,48852692992
AMZN,888181686272
AN,3678974976
ANAB,2053260800
ANAT,3095447040
ANCX,None
ANDE,861606592
ANDW,None
ANDX,8743547904
ANET,18882848768
ANF,1041536320
ANFI,46109924
ANGI,7440822784
ANGO,716033920
ANH,384716288
ANIK,570833216
ANIP,851851392
ANIX,82830576
ANN,None
ANR,None
ANSL,None
ANSS,16222520320
ANT,None
ANTM,71533928448
ANZ,None
AOBC,455012896
AOC,None
AON,45756907520
AOS,7328201216
AOSL,206723216
AP,51679932
APA,10882913280
APAM,1998166784
APC,35173437440
APCC,None
APCS,None
APD,49102864384
APDN,21935530
APEI,483985312
APEN,77824160
APH,27838836736
APHA,1822298240
APLE,3510219008
APLS,1357601792
APO,13150474240
APOG,1024080768
APOL,None
APOP,6621800
APPB,13447100
APPF,3467231232
APPN,2120875776
APPS,387997568
APPX,None
APRN,126804592
APTO,99656608
APTS,716506624
APTV,18925090816
APTX,101357840
APU,3252185600
APVO,36117252
APWC,30126946
APY,2536919552
AQ,471020384
AQB,47300936
AQMS,102053432
AQN,6087245312
AQNT,None
AQST,95404880
AQUA,1468869120
AQXP,55312888
AR,1993843328
ARA,212336672
ARAV,66418584
ARAY,316886752
ARB,None
ARC,97165736
ARCB,652885376
ARCC,7656311296
ARCE,2190134784
ARCH,1491869696
ARCI,7964431
ARCO,1333638912
ARCT,71241128
ARCW,12553610
ARD,3540507904
ARDM,None
ARDS,74242512
ARDX,161509024
ARE,17019454464
ARES,5682527232
AREX,22440480
ARG,None
ARGO,2502291200
ARGX,4542099968
ARI,2816870912
ARII,None
ARKR,71236384
ARL,193932320
ARLO,272102016
ARLP,2236571136
ARM,None
ARMK,8763051008
ARNA,2810624768
ARNC,10560727040
ARO,None
AROC,1213400320
AROW,478123424
ARP,None
ARPO,40588000
ARQL,711608128
ARR,952396928
ARRO,None
ARRS,None
ARRY,6421908992
ARS,None
ARTNA,351900896
ARTW,8735117
ARTX,54079380
ARVN,641998336
ARW,5640737792
ARWR,2564721152
ARXT,None
ASB,3346700544
ASC,227381888
ASCMA,15074808
ASFI,44391188
ASGN,2954160128
ASH,4877039616
ASIX,739436416
ASLN,118269392
ASML,82147049472
ASN,None
ASNA,207989824
ASND,5813733376
ASNS,None
ASPN,119536720
ASPS,310272000
ASPU,76831816
ASR,4868426240
ASRT,191927504
ASRV,73328480
ASTC,20102254
ASTE,675467392
ASUR,99515656
ASV,19794420
ASX,8050221568
ASYS,79744000
AT,252063888
ATAI,46033876
ATE,None
ATEC,197269648
ATEN,462128064
ATG,None
ATGE,2535439616
ATH,8450661376
ATHM,10865375232
ATHN,None
ATHX,241139360
ATI,3028621056
ATIS,5984504
ATK,None
ATKR,1138488192
ATLC,50510460
ATLO,236593152
ATMI,None
ATML,None
ATNI,984068096
ATNX,1276207872
ATO,12191319040
ATOM,73131256
ATOS,19709418
ATR,7704392704
ATRA,1022763264
ATRC,1128575744
ATRI,1625741312
ATRO,1391861376
ATRS,456962176
ATSG,1338619648
ATTO,197638544
ATTU,514403904
ATU,1475265152
ATUS,16680014848
ATV,63775520
ATVI,34761396224
ATW,None
ATXI,101839080
ATYT,None
AU,6004359168
AUBN,120994224
AUDC,431962336
AUO,2795239168
AUPH,581424256
AUTL,716489984
AUTO,46140004
AUY,1917743488
AV,None
AVA,2850270976
AVAL,157972299776
AVAV,1510859136
AVB,29076064256
AVCO,150554640
AVCT,None
AVD,394356544
AVDL,85917648
AVEO,115957120
AVGO,108806193152
AVGR,31455844
AVH,3688851968
AVID,333387392
AVL,None
AVLR,5041332224
AVNS,1922515328
AVNW,68027016
AVP,1727485312
AVRO,342556576
AVT,4635568640
AVX,2656016896
AVXL,146362992
AVY,9467232256
AVYA,1370204800
AVZ,None
AW,None
AWC,None
AWI,4646727168
AWK,20992555008
AWR,2749337344
AWRE,70473080
AWSM,16040949
AX,1744190976
AXA,None
AXAS,174243680
AXDX,1128409088
AXE,1912955776
AXGN,806492096
AXL,1263060480
AXNX,891785984
AXO,None
AXON          ,None
AXP,101136662528
AXR,42590196
AXS,5085633536
AXSM,733715776
AXTA,5961236992
AXTI,165324000
AY,2224817408
AYE,None
AYI,5162813440
AYR,1517274624
AYTU,28322680
AYX,5950823936
AZ,None
AZN,103575855104
AZPN,8592926720
AZRE,487996448
AZRX,44647408
AZUL,3743624960
AZZ,1147420928
B,2816373504
BA,199002243072
BABA,399791915008
BABY,836859712
BAC,261760761856
BAC.WS.A,None
BAH,9249048576
BAK,7851596288
BAM,45800214528
BANC,697589312
BAND,1763218432
BANF,1803924736
BANR,1805522432
BANX,142308608
BAP,18204489728
BAS,61220856
BASI,20375190
BATRA,1378778368
BATRK,1374108032
BAX,39578832896
BAY,None
BB,4370390528
BBBY,1641866368
BBD,71552827392
BBDC,500317216
BBDO,72363401216
BBG,None
BBGI,93077112
BBL,207564767232
BBOX,None
BBRX,None
BBSI,578707712
BBT,37399875584
BBU,4833072640
BBV,None
BBVA,36793323520
BBW,86807616
BBX,393700032
BBY,17071607808
BC,3766062848
BCA,None
BCAC,11617458
BCACU,21238638
BCBP,205145232
BCC,926038912
BCE,42270318592
BCEI,396815360
BCH,4558714368
BCLI,77914128
BCML,258820496
BCO,4023430912
BCOM,49171832
BCOR,1539782528
BCOV,388994176
BCPC,3123739392
BCR,None
BCRH,60318060
BCRX,390508000
BCS,33933416448
BCSF,962752256
BCTF,48423080
BDC,2207901696
BDE,None
BDGE,550402368
BDK,None
BDM,None
BDN,2761316352
BDSI,387194400
BDX,64298717184
BDXA,64257495040
BE,1160624128
BEAT,1648944384
BEAV,None
BEBE,66269364
BEC,None
BECN,2395325440
BEDU,1163981568
BEL,2576019200
BELFA,243797968
BELFB,211486624
BEN,17074318336
BEP,10548136960
BER,None
BERY,6622111744
BEV,None
BF.B,None
BFAM,8138353152
BFC,453158080
BFIN,213678736
BFR,1953922688
BFRA,394033440
BFS,1714137216
BFST,331899648
BG,7802015232
BGCP,2005590272
BGG,420159424
BGNE,7323625984
BGP,None
BGS,1516302336
BH.A,None
BHBK,None
BHC,7474016256
BHE,887816960
BHF,4396147712
BHGE,24185171968
BHI,None
BHLB,1559552000
BHP,206217019392
BHR,379445568
BHS,None
BHTG,32201282
BHVN,2974942464
BIDU,38435147776
BIG,1069274432
BIIB,44058304512
BILI,4826620416
BIO,8697891840
BIO.B,None
BIOC,19244850
BIOL,28959432
BIOS,278117280
BIP,17089692672
BITA,704472640
BJ,3445329152
BJS,None
BK,42513756160
BKCC,427473440
BKD,1213958784
BKE,754804480
BKEP,46763436
BKEPP,221029584
BKH,4673086976
BKI,8982566912
BKNG,76984483840
BKS,483428832
BKSC,98197608
BKU,3264062720
BKYI,14085900
BL,2800771072
BLBD,499744384
BLC,None
BLCM,80976016
BLD,2847569920
BLDR,1687862272
BLFS,347036896
BLIN          ,None
BLK,68980940800
BLKB,3709719552
BLL,22059630592
BLMN,1735071744
BLMT,None
BLNK,62181212
BLPH,41881552
BLRX,49442352
BLS,None
BLUD,None
BLUE,6969239040
BLX,801169536
BMA,3566676992
BMC,None
BMCH,1380020224
BMET,None
BMI,1616453760
BMO,47753887744
BMR,None
BMRA,24941350
BMRC,567204736
BMRN,14440286208
BMS,5297593344
BMTC,759347968
BMY,76469903360
BN,None
BNCL,None
BNED,147617312
BNFT,874094592
BNG,None
BNGO,30257550
BNI,None
BNL,None
BNS,65063772160
BNSO,12400993
BNTC,13327902
BOCH,188724640
BOH,3245429760
BOJA,None
BOKF,5462352384
BOL,None
BOLD,1755232512
BOMN,542886464
BOOM,1047029952
BOOT,820061312
BORN,11576250
BOSC,9567319
BOT,None
BOTJ,61210588
BOW,None
BOX,2550512640
BOXL,32717228
BP,146065244160
BPFH,904789440
BPI,191238640
BPL,6539368960
BPMC,4313799680
BPMP,1554638464
BPO,None
BPOP,5144525312
BPR,1782656512
BPRAP,1773958144
BPRN,192000512
BPT,389052000
BPTH,35448628
BPY,16295928832
BR,15216532480
BRC,2512261888
BRCD,None
BRE,None
BREW,273169056
BRFS,5445373440
BRG,344157504
BRID,259052736
BRK.A,None
BRK.B,None
BRKL,1169558528
BRKR,6878465024
BRL,None
BRO,9270719488
BRP,None
BRQS,114246720
BRS,10241865
BRSS,960435008
BRT,205910176
BRX,5313108480
BSA,1044771328
BSAC,13088934912
BSBR,42390466560
BSC,None
BSET,144960080
BSG,None
BSGM,132369240
BSM,3369562368
BSMX,10141280256
BSQR,18614376
BSRR,383961376
BSTC,424097600
BSTI,None
BSVN,173187504
BSX,57406029824
BSY,None
BT,26363842560
BTAI,171540512
BTE,859109184
BTI,89745006592
BTM,None
BTU,2512566016
BUCY,None
BUD,165984092160
BURG,3931142
BURL,10842893312
BUSE,1375040128
BV,1916606208
BVF,None
BVN,4010454784
BVSN,6980868
BVXV,38898584
BW,71605120
BWA,8242969088
BWB,334383968
BWEN,31172116
BWFG,222970080
BWP,None
BWXT,4609065984
BX,48143372288
BXC,181326560
BXE,None
BXG,579933568
BXMT,4570508800
BXP,23333058560
BXS,2818702848
BYD,2782218496
BYFC,36262320
BYSI,364461920
BZH,295008096
BZUN,2432266240
CA,None
CAAP,1139356672
CAAS,67910424
CABO,6741942784
CAC,660913984
CACC,9324851200
CACI,5174369792
CADC,15190194
CADE,2496268544
CAE,6904034304
CAH,13069930496
CAI,402740384
CAJ,29668419584
CAKE,2011822720
CAL,817913536
CALA,209546416
CALM,1926841344
CAM,None
CAMP,319568160
CANG,761567168
CAPL,553516672
CAPR,11546841
CAR,2262177536
CARA,796622080
CARB,773677312
CARG,3897849600
CARO,744483328
CARS,1372508032
CART,74468808
CARV,10726694
CASA,472802304
CASH,1078165760
CASI,288108480
CASM,68727888
CASS,659058240
CASY,4904850432
CAT,71175684096
CATB,70142072
CATC,378492128
CATO,302138304
CATS,292349248
CATY,2780537856
CB,68424245248
CBAK,None
CBAY,790690944
CBB,314291936
CBD,5891805184
CBE,None
CBFV,125400336
CBG,None
CBI,None
CBIO,84819104
CBK,13378741
CBL,202236336
CBLI,18980976
CBLK,1079861376
CBM,1435764992
CBMG,284774080
CBNK,161331920
CBO,None
CBOE,12433683456
CBPO,3456071168
CBPX,833641600
CBRE,16211219456
CBRL,3934385408
CBS,18140407808
CBS.A,None
CBSH,6510026240
CBSHP,6568769024
CBSS,None
CBT,2631014912
CBTX,683805312
CBU,3285488896
CBX,None
CBZ,1112849408
CC,3702307072
CCB,192048608
CCBG,398456256
CCCL,5171419
CCE,None
CCEP,26807603200
CCI,56216498176
CCIH,23548598
CCJ,4092595200
CCK,7935123968
CCM,108516712
CCMP,3057111808
CCNE,388241248
CCNI,24396570
CCO,1806749056
CCOI,2725897216
CCR,438256192
CCRC,178896896
CCRN,271407616
CCS,846464576
CCT,None
CCU,4848073728
CCXI,502695680
CCZ,49720311808
CDAY,6933798912
CDE,666565248
CDEV,1940820736
CDK,5811672576
CDLX,583647296
CDMO,216447568
CDMOP,227934272
CDNA,1574862976
CDNS,18427138048
CDOR,115237016
CDR,238697216
CDTI,1241511
CDTX,43159880
CDW,15311866880
CDWC,None
CDXC,227084176
CDXS,928286144
CDZI,273643328
CE,12803005440
CEA,11783087104
CEC,None
CECE,313363072
CECO,1405563008
CEG,None
CEI,4309111
CEIX,734726080
CEL,378318464
CELC,206836368
CELG,67733172224
CELH,217196944
CELP,91118720
CEMI,112268912
CENT,1546698368
CENTA,1543102592
CENX,493821408
CEO,16533298
CEPH,None
CEPU,1209499776
CEQP,2535191296
CERC,207355440
CERN,23671121920
CERS,646450816
CETV,1005521600
CETX,3782562
CETXP,3992190
CEVA,520788544
CF,9291908096
CFBI,74100200
CFBK,53496832
CFC,None
CFFI,173318016
CFFN,1924072832
CFG,15519934464
CFMS,304708448
CFR,5844963328
CFRX,34098484
CFX,3176417280
CG,7343007744
CGA,23996432
CGBD,900110528
CGC,14609215488
CGEN,192286064
CGI,None
CGNX,7596477952
CHA,40935636992
CHAP,182584336
CHCI,9749066
CHCO,1222740224
CHCT,694737664
CHD,19200159744
CHDN,4446284800
CHE,5546711552
CHEF,964892032
CHFC,2765469440
CHFS,6804960
CHGG,4668420608
CHH,4727975424
CHIR,None
CHK,3054051072
CHKE,11513012
CHKP,17049357312
CHL,184116674560
CHMA,236353184
CHMG,222426416
CHMI,280475104
CHNR,41352092
CHR,None
CHRA,141862080
CHRS,1242425600
CHRT,None
CHRW,10882706432
CHS,400673024
CHSCL,None
CHSCM,None
CHSCN,None
CHSCO,None
CHSCP,None
CHSP,1698073984
CHT,28626853888
CHTR,99549880320
CHU,32695658496
CHUY,344281888
CHZ,None
CI,59753250816
CIA,341570816
CIB,45456003072
CIDM,53874080
CIEN,7053753856
CIFS,37373000
CIG,6017540096
CIG.C,None
CIGI,2709407488
CIM,3512711680
CIN,None
CINF,16753927168
CINR,376569408
CIO,474440544
CISN,1703069440
CIT,4716621824
CIVB,330762208
CIVBP,343417984
CIVI,None
CIZN,100640960
CJ,739059968
CJJD,35901112
CJR,None
CKFR,None
CKH,800849344
CKPT,149721440
CL,63521521664
CLAR,392468832
CLB,2171537408
CLBK,1613477376
CLBS,27824296
CLC,None
CLCT,169151888
CLD,None
CLDC,23897066
CLDR,1398379136
CLDT,884328768
CLDX,35936828
CLE,None
CLF,2709655040
CLFD,183507520
CLGN,21744228
CLH,3684107520
CLI,2341561344
CLIR,23495824
CLLS,649011328
CLMT,337545632
CLNC,2061999616
CLNE,519821152
CLNY,2693351168
CLP,None
CLPR,564008256
CLPS,80534456
CLR,14521206784
CLRB,21704852
CLRO,35922096
CLS,840196608
CLSD,39099424
CLSN,38302648
CLUB,67808832
CLVS,786591232
CLW,299255424
CLX,19949649920
CLXT,433305472
CM,34799169536
CMA,10812852224
CMC,1706316928
CMCM,542012224
CMCO,901514368
CMCSA,188269002752
CMCSK,None
CMCT,876552064
CMCTP,963985280
CMD,3135379200
CME,72350326784
CMED,None
CMFN,102556344
CMG,19673053184
CMI,25503885312
CMLS,275441632
CMO,692342976
CMP,1831300480
CMPR,2892122880
CMRE,578472576
CMRX,175690432
CMS,16396989440
CMSSU,68259520
CMTA,1002859904
CMVT,None
CMX,None
CNA,12528855040
CNAC,55028060
CNACU,55028120
CNAT,25185578
CNC,22406076416
CNCE,266518560
CNDT,1893654016
CNET,20679750
CNF,404634976
CNFR,32528886
CNH,None
CNI,66082816000
CNK,4329020928
CNMD,2312990464
CNNE,1935595008
CNO,2588783872
CNOB,750293440
CNP,14472654848
CNQ,32112869376
CNS,2407917824
CNSL,300219168
CNST,240523104
CNT,None
CNTF,4869882
CNTY,262892064
CNX,1495330176
CNXM,940027840
CNXN,869593344
CO,819253696
COCP,72411176
CODA,110129880
CODX,14786731
COE,132848272
COF,42385825792
COG,10768396288
COGN,None
COGT,None
COH,None
COHR,2894671104
COHU,677189056
COKE,2217634560
COL,None
COLB,2524434944
COLL,382945472
COLM,6651853824
COLT,None
COMM,3202524672
COMS,None
CONE,6755350528
CONN,540118528
COO,15932598272
COOP,620036864
COP,66635411456
COR,5588024832
CORE,1789474432
CORI,None
CORR,502981952
CORT,1162373120
CORV,86403544
COST,112613679104
COT,1808797184
COTY,10158901248
COUP,7429516288
COWN,478114592
CP,32917884928
CPA,3930937600
CPAC,747040704
CPAH,8703368
CPB,12972165120
CPE,1429014400
CPG,1750844288
CPHC,58397600
CPIX,94620944
CPL,7551796224
CPLP,189528128
CPO,None
CPRT,17103285248
CPRX,352789216
CPS,753112768
CPSH,15188510
CPSI,352450944
CPSS,77964832
CPST,57804428
CPT,10459517952
CPTA,144216576
CPWR,5085882
CR,4792844800
CRAI,294538912
CRAY,1434537856
CRBP,439584480
CRCM,473833600
CRD.A,None
CRD.B,None
CRDN,None
CRE,None
CREE,5959858688
CREG,6635878
CRESY,477036800
CREX,19352412
CRH,26133852160
CRI,4185901056
CRIS,47405644
CRK,468995232
CRL,6254214144
CRM,124947644416
CRMT,578762880
CRNT,232411536
CRNX,661869440
CRON,5348985344
CROX,1397601152
CRR,41372500
CRS,2054669952
CRSP,2267430144
CRT,67500000
CRTO,1216890624
CRUS,2374422784
CRVL,1448188032
CRWS,49499512
CRY,1103269888
CRZO,967596032
CS,28693055488
CSBR,108370752
CSCO,239421243392
CSE,None
CSFL,2918954752
CSG,None
CSGP,19728078848
CSGS,1481337600
CSII,1392699776
CSIQ,1267194752
CSL,7865246720
CSLT,430440416
CSOD,3140128512
CSPI,62853636
CSS,39767580
CSSE,91104240
CSSEP,96961632
CSTE,494906400
CSTM,1272950656
CSTR,265012704
CSU,139123312
CSV,342218272
CSWC,378892320
CSWI,988742592
CSX,63171436544
CTAA,None
CTAS,24325306368
CTB,1492977408
CTBI,714887744
CTC,None
CTG,58893036
CTIB,11058412
CTIC,47647808
CTK,524538304
CTL,11491867648
CTLT,7017634816
CTMX,470786496
CTRA,1031882240
CTRC,183238352
CTRE,2312140544
CTRL,631065856
CTRP,18791256064
CTRV,4712046
CTS,905497536
CTSH,35739586560
CTSO,205748624
CTV,None
CTWS,821631360
CTX,None
CTXR,24062622
CTXS,12620161024
CTZ,None
CU,None
CUB,1863212544
CUBE,6474040832
CUBI,632261760
CUE,155250496
CUI,24607610
CUK,34927296512
CULP,211623328
CUR,7424971
CURO,444920096
CUTR,241717136
CUZ,3966126080
CVA,2309628160
CVBF,2951452928
CVC,None
CVCO,1387493760
CVCY,266050048
CVD,None
CVE,10131397632
CVEO,245487904
CVG,None
CVGI,203488944
CVGW,1618988416
CVI,4489714688
CVLT,2164280576
CVLY,195252144
CVNA,9970558976
CVON,None
CVRR,None
CVS,70046932992
CVTI,281956480
CVV,24844018
CVX,231408467968
CW,5049768448
CWBC,83231416
CWBR,70163296
CWCO,202323440
CWEN,3113788416
CWEN.A,None
CWH,1062175744
CWK,3841235200
CWST,1862681088
CWT,2416316672
CX,6147587584
CXDC,113106336
CXG,None
CXO,19959314432
CXP,2622787328
CXW,2712369152
CY,8094460928
CYAD,227171104
CYAN,18091940
CYBE,114026680
CYBR,4855685120
CYCC,9632000
CYCCP,10436050
CYD,594488256
CYH,310775008
CYMI,None
CYN,None
CYOU,541686656
CYRN,91257264
CYT,None
CYTC,None
CYTK,569709248
CYTR,10427625
CYTX,5137930
CYTXW,None
CZFC,62478892
CZN,None
CZNC,359852000
CZR,5941295616
CZWI,118694160
CZZ,3037304832
D,60811169792
DA,None
DAC,167764880
DADE,None
DAIEY,None
DAIO,34600644
DAKT,271875488
DAL,36051357696
DAN,2341464320
DAR,3169770496
DARE,14514558
DASTY,39699210240
DATA,10790535168
DAVA,1927572864
DAVE,41176116
DB,13866112000
DBD,710778368
DBVT,670618624
DCAR,4624101
DCI,6272917504
DCIX,28091594
DCM,None
DCO,522234592
DCOM,661995520
DCPH,837105088
DCUD,31279501312
DCX,None
DD,None
DDD,990706560
DDE,None
DDOC,5000000
DDR,None
DDS,1480392064
DE,47140478976
DEA,1429513344
DECK,4672336896
DEG,None
DEI,8106188800
DELL,26230972416
DELT,None
DENN,1244567168
DEO,105492455424
DERM,542043776
DESP,845463104
DF,112844744
DFFN,14934552
DFIN,432288000
DFS,25296183296
DG,34395705344
DGICA,409547520
DGICB,418959488
DGII,323241984
DGIN,None
DGLY,30405130
DGX,13348812800
DHI,17016869888
DHIL,457609440
DHR,98455248896
DHT,813660032
DHX,195928160
DHXM,205304128
DIN,1679151616
DIOD,1670768000
DIS,248430575616
DISCA,20001542144
DISCB,20142311424
DISCK,19998863360
DISH,17406132224
DJ,None
DJCO,298794304
DK,2736055808
DKL,765345984
DKS,3237453568
DL,184902928
DLB,6424280064
DLHC,55847968
DLM,None
DLNG,58261820
DLPH,1532214400
DLPN,16121952
DLR,25259696128
DLTH,497630176
DLTR,24385110016
DLX,1718476288
DM,None
DMLP,658569408
DMPI,4879753
DMRC,618470016
DNA,None
DNB,None
DNBF,192258416
DNJR,55127040
DNKN,6488498688
DNLI,1818863488
DNOW,1485115136
DNR,619560576
DO,1144212352
DOC,3425624064
DOGZ,76963392
DOMO,814440832
DOOO,3085145600
DOOR,1268892416
DORM,2831606016
DOV,13958850560
DOVA,255505936
DOW,38411952128
DOX,8422586368
DP,None
DPL,None
DPLO,351737152
DPZ,11796818944
DQ,562857280
DQE,None
DRAD,12815547
DRC,None
DRD,151155168
DRE,11406671872
DRH,2014360192
DRI,14919448576
DRIO,20731092
DRL,None
DRNA,882746112
DRQ,1518677632
DRRX,83907648
DRS,None
DRYS,294545568
DS,308324640
DSGX,2999718912
DSKE,257336240
DSPG,322551584
DST,None
DSW,None
DSX,295321024
DT,None
DTC,None
DTE,23557398528
DTEA,29921620
DTJ,4630158848
DTQ,4531492352
DTRM,4419252
DTV,10202136576
DTW,4579929088
DTY,23208974336
DUK,63369207808
DV,None
DVA,7935472128
DVAX,270027648
DVCR,19283666
DVD,74299824
DVN,10667849728
DWA,None
DWCH,None
DWDP,68559822848
DWSN,51903040
DX,414552544
DXC,13193568256
DXCM,11470529536
DXLG,79254344
DXPE,601477312
DXYN,10257390
DY,1721805184
DYN,None
DYNC,11773194240
DYNT,11111483
DYSL,17892126
DZSI,279373856
E,57039011840
EA,28831342592
EAE,1197995136
EAF,3041932800
EARN,133273296
EARS,6592630
EAS,None
EAST,42755588
EAT,1433624960
EB,1351075584
EBAYL,28279359488
EBF,490688448
EBIX,1533121280
EBMT,89718768
EBR,12431951872
EBR.B,None
EBS,2388772608
EBSB,890815232
EBTC,326876704
EC,719131115520
ECA,7110785024
ECCA,406142368
ECCB,403399456
ECHO,551244736
ECL,57288093696
ECOL,1328095616
ECOM          ,None
ECOR,66368512
ECR,None
ECYT,None
ED,29398577152
EDAP,78874288
EDGE,None
EDIT,1096964992
EDMC,None
EDNT,18501698
EDP,None
EDRY,16245342
EDS,None
EDU,14169520128
EDUC,61727592
EE,2645850112
EEFT,8349056000
EEI,47035024
EEP,None
EEQ,None
EEX,812631488
EFBI,24108374
EFC,538341632
EFII,1582547584
EFOI,5425039
EFSC,1081398528
EFX,15727660032
EGAN,247397328
EGBN,1860340608
EGHT,2328229376
EGL,None
EGLE,355533824
EGN,None
EGO,685522752
EGOV,1090683520
EGP,4225443584
EGRX,729766528
EGY,90890680
EHC,5999364096
EHIC,853497344
EIG,1352931712
EIGI,653905216
EIX,20408801280
EKSO,96636672
EL,64000856064
ELAN,11954961408
ELC,None
ELE,None
ELF,593001280
ELJ,None
ELLI,3469044992
ELN,None
ELOX,369620608
ELP,3204184832
ELS,11773859840
ELSE,11476858
ELTK,23872470
ELVT,178792336
ELX,None
ELY,1477443840
EMC,None
EMCI,780708800
EME,4724696576
EMES,6514477
EMITF,4240219
EMKR,101396208
EML,168353328
EMMS,47154960
EMN,9884840960
EMP,218912256
EMR,39139004416
EN,None
ENB,72156315648
ENBL,5686404096
ENDP,1106029952
ENFC,205016192
ENG,22476118
ENH,None
ENI,None
ENIA,9001221120
ENIC,4503334400
ENJ,210897504
ENLC,4993492480
ENLK,None
ENO,222201600
ENPH,1803313792
ENR,3058437632
ENS,2646835968
ENSG,2949454080
ENT,56990808
ENTA,1783648384
ENTG,4802615808
ENTX,43432640
ENV,3583221248
ENVA,781447616
ENZ,164399728
EOC,None
EOG,49095491584
EOLS,396055168
EOP,None
EP,None
EPAM,9656135680
EPAY,1944494720
EPC,1664469888
EPD,61673619456
EPE,41035676
EPIX,13424832
EPR,6017769984
EPRT,1598270976
EPZM,1291646720
EQC,4080279552
EQGP,None
EQH,10250050560
EQIX,42001371136
EQM,8904343552
EQNR,66157944832
EQR,29968885760
EQS,23686414
EQT,4519919104
EQY,None
ERA,160877856
ERF,1688384000
ERI,4033197312
ERIC,33364635648
ERIE,10776841216
ERII,541518272
ERJ,3441078016
EROS,238782400
ERYP,124095880
ES,24500006912
ESCA,161067792
ESE,1926246528
ESEA,7884828
ESES,214167
ESGR,3619401216
ESGRP,3637770496
ESI,2678561536
ESIO,None
ESL,None
ESLT,6480993280
ESND,None
ESNT,4800382464
ESPR,1334838784
ESQ,185417904
ESRT,4723346944
ESRX,None
ESS,20178278400
ESSA,169963232
ESTA,469003392
ESTC,5976004096
ESTE,361470528
ESTR,37887588
ESV,1604097792
ESXB,163607216
ET,36832563200
ETFC,11178024960
ETH,555777344
ETM,832836544
ETN,33458749440
ETP,None
ETR,19956525056
ETRN,4985543168
ETTX,80105200
EURN,1848749440
EV,4418480640
EVA,1024781760
EVBG,2790461440
EVC,281478592
EVER,305701824
EVFM,219983984
EVGN,36771600
EVH,735823488
EVK,49284332
EVLO,218216912
EVLV,32786952
EVOK,15354982
EVOL,10762927
EVOP,2421393920
EVR,4172990464
EVRG,14763046912
EVRI,836285440
EW,38324752384
EWBC,6437499392
EXAS,13953469440
EXC,48499204096
EXEL,6095693824
EXFO,216428976
EXK,248601536
EXLS,2106194944
EXP,3955611136
EXP.B,None
EXPD,12480029696
EXPE,18237976576
EXPI,719769408
EXPO,2999877888
EXPR,183388848
EXR,14600472576
EXTN,496590080
EXTR,694716736
EYE,2048524160
EYEG,11170604
EYEN,61417604
EYES,81970680
EYPT,154914768
EZPW,505105760
F,38938009600
FAF,5913222144
FAMI,22312840
FANG,15976476672
FANH,1825771136
FARO,813577792
FAST,18473043968
FATE,1175299968
FB,494825865216
FBC,1785926144
FBHS,7272413184
FBIO,105673576
FBIOP,118719712
FBIZ,201451024
FBK,1097087232
FBM,661152384
FBMS,507944800
FBN,None
FBNC,1067304448
FBP,2138029568
FBR,None
FBSS,79483528
FC,443204672
FCAP,160385232
FCAU,20562696192
FCB,None
FCBC,534155552
FCBP,244863984
FCCO,134290272
FCCY,160993072
FCE.A,None
FCEL,8874065
FCF,1254120576
FCFS,4144594176
FCH,None
FCL,None
FCN,3190590720
FCNCA,4896425984
FCPT,1944147712
FCS,None
FCX,15014021120
FDBC,237067456
FDC,25131370496
FDEF,540722432
FDO,None
FDRY,None
FDS,11172169728
FDUS,384070656
FDX,41176064000
FE,22873264128
FEDU,109353712
FEIM,101351584
FELE,2095212928
FELP,120143704
FENC,70829048
FET,398265472
FF,463677952
FFBC,2224724992
FFBW,65096000
FFG,1545989632
FFH,None
FFHL,7250165
FFIC,593656128
FFIN,3932675840
FFIV,8382996480
FFNW,151853488
FFWM,584532480
FGBI,179754544
FGEN,3336791552
FGP,107956864
FHB,3467108096
FHN,4418207744
FHR,None
FI,1373116032
FIA,None
FIBK,2443570176
FIC,None
FICO,9078218752
FII,3089155584
FILE,None
FIS,39657623552
FISI,431198048
FISV,35217563648
FIT,1137317888
FITB,19509516288
FIVE,7133213696
FIX,1818491136
FIXX,851281152
FIZZ,2256564224
FL,4739524096
FLA,None
FLDM,876552768
FLEX,4888425472
FLGT,109029584
FLIR,6865844224
FLKS,9501937
FLL,55535128
FLNT,364297088
FLO,4814944256
FLOW,1615008384
FLR,4112454656
FLS,6463792128
FLT,22323228672
FLWS,1211106048
FLXN,446792992
FLXS,141858416
FLY,533842016
FMAO,314398304
FMAX,None
FMBH,559183168
FMBI,2262213120
FMC,10627433472
FMCN,None
FMD,None
FMER,None
FMNB,387170880
FMS,22721671168
FMT,None
FMX,20947009536
FN,1709801728
FNB,3689125376
FNCB,144789840
FND,3603597312
FNF,10941739008
FNFG,None
FNHC,174446672
FNJN,62123624
FNKO,1260515840
FNLC,269576992
FNM,None
FNSR,2562032128
FNV,14580406272
FNWB,163587392
FO,None
FOCS,2121780224
FOE,1188005248
FOLD,2925480192
FOMX,136064256
FORM,1101565824
FORR,848286336
FORTY,826675904
FOSL,551142656
FOX,21035821056
FOXA,21001650176
FOXF,2729212160
FPAY,16429566
FPI,211981344
FPRX,219991616
FR,4720183808
FRAC,746631680
FRAN,16454309
FRBA,209890816
FRC,16408770560
FRE,None
FRED,14508235
FRGI,366364896
FRK,None
FRME,1731989376
FRPH,480272128
FRPT,1704525568
FRSH,109840272
FRSX,26570456
FRT,9968395264
FRTA,315063136
FRX,None
FS,None
FSB,400039648
FSBC,34432180
FSBW,210810688
FSCT,1452344960
FSFG,132702144
FSH,None
FSIC,None
FSL,None
FSL.B,None
FSLR,6587722752
FSM,417158304
FSS,1544570880
FSTR,248025680
FSV,3595297280
FTAI,1275154304
FTCH,5925174272
FTD,5324648
FTDR,3418347264
FTE,None
FTEK,40875692
FTEO,118953240
FTFT,37220520
FTI,10099311616
FTK,203094192
FTNT,12605576192
FTO,None
FTR,183206336
FTS,16898489344
FTSI,633857600
FTSV,353727264
FTV,26462769152
FUJIY,19551303680
FUL,2185023232
FULT,2716152832
FUNC,130933640
FUSB,59568828
FUV,47406300
FVCB,248099392
FVE,26692574
FWLT,None
FWONA,8725292032
FWONK,8785363968
FWP,44209316
FWRD,1646576512
G,7037663744
GABC,708528896
GAIA,128701720
GAIN,368596672
GAINL,363948352
GAINM,363576672
GALT,222857712
GAP,None
GARS,108493944
GAS,None
GASS,131539976
GATX,2692194048
GBBK,None
GBCI,3371701760
GBDC,1060279488
GBL,474383520
GBLK,0
GBM,None
GBT,3382697984
GBX,919042688
GCA,None
GCAP,143140576
GCBC,247767248
GCI,944790016
GCO,759671552
GCP,1973409024
GD,50135543808
GDDY,12972503040
GDEN,378240672
GDI,6792554496
GDOT,2638529792
GDS,4872564224
GDT,None
GDW,None
GE,87033675776
GEC,91770680
GECC,89781584
GEF,1782471808
GEL,2677125376
GEMP,12109898
GEN           ,None
GENC,171586160
GENE,13943970
GENZ,None
GEO,2741958400
GEOS,178174160
GERN,262987552
GES,1033523136
GET,None
GEVO,21798976
GFA,None
GFF,678311744
GFI,4032238080
GFIG,None
GFN,237721552
GFNCP,233773056
GG,9251243008
GGAL,3929251072
GGB,5630086656
GGC,None
GGP,None
GGY,None
GH,8323014144
GHC,3707535872
GHDX,1969656704
GHG,1148029824
GHL,331352192
GHM,203253824
GIB,20703799296
GIFI,118843920
GIGM,25641104
GIII,1232826880
GIL,7620827648
GILD,83095789568
GILT,465756672
GIS,31023362048
GJS,None
GJT,None
GKOS,2517267456
GLAD,273845760
GLADN,270891040
GLBL,None
GLBS,12899601
GLBZ,30187160
GLDD,683107008
GLG,4708286
GLH,None
GLIBA,6458590208
GLIBP,6328396288
GLMD,124567296
GLNG,1730122240
GLOB,3394238976
GLOG,1415956608
GLP,725562688
GLPG,6504161280
GLPI,8511229952
GLT,724757440
GLUU,1045821504
GLW,23997775872
GLYC,504788224
GLYT,None
GM,50338664448
GME,513390368
GMED,3989309184
GMK,None
GMLP,805330816
GMLPP,None
GMR,None
GMRE,410929984
GMST,None
GMTA,1012543680
GNBC,None
GNC,119236400
GNE,260076496
GNK,322840960
GNL,1587902080
GNMK,383232192
GNMX,10945606
GNPX,22933176
GNRC,3751633920
GNST,None
GNTX,6031735296
GNTY,349982496
GNUS,17745790
GNW,1615637888
GOGL,686302848
GOGO,408259776
GOL,2651328256
GOLD,23843262464
GOLF,1880393344
GOOD,634289344
GOODM,636734080
GOODO,624419712
GOODP,640164800
GOOG,740527898624
GOOS,3773506816
GOV,None
GPC,14940887040
GPK,4195928832
GPMT,1015173120
GPN,25212825600
GPOR,841193728
GPP,323927808
GPRE,515673312
GPRK,1065658112
GPRO,896591872
GPS,6882869760
GPX,240971216
GR,None
GRA,4977077760
GRAM,459187008
GRBK,461657440
GRC,794965504
GRFS,16330235904
GRIF,194249264
GRIN,91124968
GRMN,14988421120
GRNQ,62932484
GROW,17096560
GRP,None
GRP.U,None
GRPN,2005745920
GRTS,345401760
GRUB,5946590208
GRVY,452651328
GSAH,871125056
GSAH.U,None
GSBC,812885824
GSBD,789122944
GSH,2747465728
GSHD,1432867456
GSIT,176573248
GSK,101060952064
GSL,71887528
GSM,277361728
GTLS,2568143616
GTN,1625447296
GTN.A,None
GTRC,None
GTS,541152960
GTT,1315196800
GTX,1171628160
GTXI,28862162
GTY,1304861312
GTYH,385427168
GURE,49266836
GVA,1982142848
GVP,49390860
GW,None
GWB,1842533120
GWGH,317553120
GWPH,5275166208
GWR,5548826624
GWRE,7898854400
GWRS,211086464
GWW,15031868416
GXP,None
GYC,None
GYI,None
GYRO,28007824
GZT,None
H,7754615808
HA,1228508032
HABT,272583168
HAE,5311055360
HAFC,651724032
HAIN,2189211904
HAL,18904164352
HALL,240493552
HALO,2250702592
HAN,None
HAR,None
HAS,13330455552
HASI,1656508416
HAWK,None
HAYN,379190432
HBAN,13875794944
HBANN,28504020992
HBANO,14155617280
HBB,235487392
HBC,None
HBCP,340382496
HBI,5873904128
HBIO,74998328
HBK,50568640
HBM,1307703168
HBMD,258279264
HBNC,703723200
HBP,67965184
HC,None
HCA,43955642368
HCAP,63883928
HCBK,None
HCC,1360531200
HCCI,617913344
HCHC,106772560
HCI,352607808
HCKT,504983488
HCLP,232543792
HCM,3549938944
HCP,15376262144
HCR,184012928
HCSG,2456293888
HD,217087229952
HDB,97828757504
HDI,None
HDP,None
HDS,7190408704
HDSN,66033716
HE,4663592960
HEAR,141479840
HEBT,13505395
HEES,939671424
HEI,15148512256
HEI.A,None
HELE,3273279744
HEP,2889056000
HESM,1074078976
HET,None
HEW,None
HF,1763397760
HFBC,115307040
HFBL,56859932
HFC,6796938752
HFWA,1067054912
HGSH,40545000
HGSI,None
HGV,2505318400
HHC,4512802304
HI,2425346048
HIBB,395273216
HIFR,1281491072
HIFS,397923040
HIG,19871600640
HIHO,11177498
HII,9066712064
HIIQ,415633696
HIL,150281456
HIMX,578407168
HIT,None
HIW,4741367296
HJLI,24054150
HK,35814820
HLF,6118896128
HLI,3065582592
HLIT,483930560
HLNE,2863342336
HLTH,11268071
HLX,1150169856
HMA,None
HMC,43281870848
HME,None
HMI,531395584
HMLP,581038528
HMN,1708335616
HMNF,99459912
HMNY,7203336
HMST,791780480
HMSY,2608522496
HMT,None
HMTA,None
HMTV,507918848
HMY,992180096
HNGR,703826560
HNI,1541568256
HNNA,72466624
HNP,12040383488
HNRG,171184432
HNT,None
HNZ,None
HOC,None
HOFT,310310560
HOG,5446253056
HOLI,1154947712
HOLX,12598349824
HOMB,3081101824
HOME,484562944
HONE,568549056
HOPE,1671951616
HOS,53781932
HOT,None
HOV,51488808
HOVNP,493676096
HP,5734363648
HPC,None
HPE,18868623360
HPJ,53553920
HPP,5311991296
HPQ,29688975360
HPR,384903904
HPT,4004114176
HQCL,None
HQY,4182062848
HR,4216252928
HRB,5531601920
HRC,6904297472
HRH,None
HRI,1123915776
HRL,22525175808
HRP,None
HRS,23413755904
HRTG,464000992
HRTX,1402529152
HRZN,159226880
HSC,2165119232
HSDT,75529304
HSGX,17472546
HSIC,10399403008
HSII,615599616
HSON,39675016
HSP,None
HSTM,813594112
HSY,28816486400
HT,736798528
HTA,6033743360
HTBI,442155424
HTBK,517524960
HTBX,23886870
HTG,None
HTGC,1249452288
HTGM,62155748
HTH,1915377536
HTHT,8874432512
HTLD,1513337728
HTLF,1570707200
HTV,None
HTX,None
HTZ,1336655616
HU,None
HUBB,6753489408
HUBG,1386843648
HUBS,7339412480
HUD,1236362624
HUG,None
HUM,33606162432
HUN,4386266112
HUNT,None
HUNTU,None
HURC,248023008
HURN,1073388672
HUYA,4801042944
HVBC,32268656
HVT,345348480
HVT.A,None
HW,None
HWBK,157147232
HWC,3365068800
HWCC,90205328
HWKN,407874560
HX,103016336
HXL,6527045632
HY,812827456
HYDL,None
HYGS,222642496
HYRE,55491492
HYSL,None
HZN,101810704
HZNP,4415029760
HZO,377267264
I,2585633792
IAC,19189526528
IAG,1275184896
IART,4208022784
IBA,2562500096
IBCP,503963136
IBKC,4044808192
IBKCO,4028358912
IBKCP,4092875264
IBM,118198378496
IBN,39193849856
IBOC,2386837760
IBP,1615224192
IBTX,2292080896
ICA,None
ICAD,116873184
ICBC,None
ICBK,112463688
ICCC,49131980
ICCH,41639180
ICD,144136432
ICE,48142794752
ICFI,1384200704
ICHR,480709504
ICL,6569419776
ICLK,208016784
ICO,None
ICON,7420241
ICOS,None
ICPT,2597233920
ICUI,4745228800
IDA,5262754816
IDC,None
IDCC,2048723072
IDEX,171527968
IDIX,None
IDR,None
IDRA,73977552
IDSA,9486196
IDSY,92335648
IDT,202116272
IDTI,None
IDXG,26667200
IEA,61416900
IEP,13954341888
IESC,394035136
IEX,12232754176
IFF,16144483328
IFFT,None
IFIN,None
IFMK,21424256
IFRX,82566792
IFX,None
IGLD,7457252
IGT,2636643840
IHG,12248870912
III,137589360
IIIN,362315104
IIIV,610520448
IIJI,884283264
IIN,243413376
IIPR,933451264
IIVI,2110842624
IJD,None
IKN,None
IKNX,15471690
ILMN,49317027840
ILPT,1233140992
IM,None
IMAX,1243774720
IMCL,None
IMDC,None
IMDZ,None
IMGN,327472928
IMI,58217092
IMKTA,607996608
IMMP,62067248
IMMR,238230448
IMMU,2476573440
IMMY,None
IMN,None
IMOS,547780800
IMPV,None
IMRN,12987782
IMV,195501280
IN,None
INAP,65984768
INBK,215935024
INCY,17333104640
INDB,2393157376
INFA,None
INFN,533342976
INFY,45775011840
INGN,1452590208
INGR,5382331904
INN,1221944064
INNT,45645228
INO,240182816
INOD,24914400
INOV,2113331456
INPX,6445031
INSE,166455008
INSG,370047904
INSM,2112269696
INSP,1347136256
INST,1521840256
INSW,535056640
INSY,99455192
INT,2193071616
INTC,206076313600
INTG,71759488
INTL,655134016
INTU,66747297792
INVE,80097752
INVH,14136599552
INWK,188942032
IO,116354768
IONS,8935769088
IOSP,2074173568
IOTS,230330000
IOVA,2357882368
IP,17868111872
IPAR,2087905792
IPAS,None
IPCR,None
IPDN,10838335
IPG,8495506432
IPGP,7004353024
IPHI,2059066112
IPHS,533517120
IPI,417250432
IPIC,40953016
IPR,None
IPS,None
IPWR,5241317
IQ,12965091328
IQV,27365216256
IR,30229155840
IRBT,2570399232
IRCP,539452992
IRDM,2819455744
IRDMB,2813635072
IRE,None
IRET,789388288
IRIX,68171504
IRMD,224371296
IROQ,66839092
IRS,491067776
IRT,1032073344
IRTC,1803871744
ISBC,2906143744
ISCA,1955551744
ISE,None
ISF,100302946304
ISG,100536033280
ISIG,12664349
ISIL,None
ISNS,26150986
ISRG,57613668352
ISRL,329569408
ISSC,71017800
ISTR,230103040
ITCB,3891422976
ITCI,625226368
ITG,None
ITGR,2463241984
ITI,180771632
ITIC,291423328
ITRI,2314508288
ITRM,92681336
ITRN,668054912
ITT,5322344960
ITU,None
ITUB,80683917312
ITW,49237635072
IVAC,111356480
IVC,181958848
IVR,2041977472
IVX,None
IVZ,9807893504
IX,17599512576
IZEA,16606107
JAG,1706759936
JAGX,774303232
JAH,None
JAX,151066656
JAZZ,7420851712
JBGS,6013484544
JBHT,9502701568
JBL,4045151744
JBLU,5507330048
JBSS,911112000
JBT,3492889856
JBX,None
JCAP,424168320
JCI,35129618432
JCOM,4187641856
JCP,314377504
JCS,25434264
JCTCF,30866658
JD,39079489536
JE,616622592
JEC,10846753792
JEF,5242265600
JELD,2048868608
JG,644889344
JHG,4108161280
JHX,5746351104
JILL,65705724
JJSF,3087387392
JKHY,10452595712
JLG,None
JLL,6026517504
JMEI,273878208
JMP,81876536
JMU,14527716
JNC,None
JNCE,149694240
JNJ,367858581504
JNPR,9207249920
JNS,None
JNY,None
JOBS,4441263104
JOE,985482240
JONE,976820
JOUT,746025792
JP,80694960
JPM,354060468224
JRJC,19731038
JRSH,75990752
JRVR,1399270784
JSYN,20378176
JSYNU,20766554
JT,683293952
JTPY,None
JVA,23892512
JW.B,None
JYNT,225803200
K,19064426496
KAI,962674560
KALA,182290000
KALU,1465601152
KALV,348567904
KAMN,1636236672
KANG,None
KAR,8024728576
KB,15249662976
KBAL,591227456
KBH,2313410304
KBLM,44468988
KBLMU,44423436
KBR,3304622336
KCAP,None
KCI,None
KCS,None
KDMN,253780800
KDP,39865597952
KE,374927296
KEG,40382696
KELYB,851473856
KEM,1011546176
KEN,1035944832
KEP,14353552384
KEQU,59271628
KERX,None
KEX,4868753408
KEY,16848524288
KEYS,15454484480
KEYW,560412032
KFFB,62388684
KFN,None
KFRC,841006016
KFS,53514948
KFY,2531987200
KG,None
KGC,4362437120
KGJI,44957180
KHC,35046416384
KIDS,606788544
KIM,7753003520
KIN,312430848
KINS,89493720
KIRK,29547386
KKR,20188432384
KL,7919186432
KLAC,17684459520
KLIC,1373862016
KLXE,465359328
KMB,46381387776
KMDA,226131808
KMG,None
KMI,47832821760
KMP,None
KMPH,40212212
KMPR,5477553664
KMR,None
KMT,2654618880
KMX,13277078528
KN,1564426752
KNBWY,17598902272
KNDI,237139424
KNL,1035014976
KNM,None
KNOP,632541696
KNSA,752185472
KNSL,1859801600
KNX,5223000576
KO,219662516224
KOD,379563104
KODK,95461552
KOF,105999851520
KOMG,None
KONA,1260061
KOOL,78515008
KOP,588465152
KOPN,87449048
KORS,None
KOS,2335589376
KOSP,None
KOSS,14809660
KPFS,356629152
KPN,None
KPTI,345709792
KR,19106406400
KRA,816717952
KRC,7788633600
KREF,1159148288
KRG,1321723264
KRI,None
KRNT,972674432
KRNY,1169359488
KRO,1604166784
KRON,None
KRP,1137243520
KRYS,455262272
KSE,None
KSU,11818972160
KT,5999485952
KTC,None
KTCC,55412456
KTN,None
KTOS,2370332928
KTOV,15766680
KUB,None
KURA,659828160
KVHI,170573296
KW,2956155136
KWR,2539136512
KYO,None
KYPH,None
KZIA,16680768
KZL,None
KZR,177045648
L,16415169536
LABL,1024910208
LAC,338438496
LACQ,61204344
LACQU,61083384
LAD,2698792192
LADR,1919704832
LAF,None
LAIX,484800032
LAKE,98554600
LAMR,7939047424
LAND,225977328
LANDP,236093776
LARK,104712280
LASR,706421632
LAUR,3722284800
LAWS,317680896
LAZ,3794551040
LAZY,44052372
LB,6247334912
LBAI,788901952
LBRDA,18519173120
LBRDK,18529214464
LBRT,1515048832
LBTYK,18993016832
LC,1256893056
LCC,None
LCI,212288160
LCII,2194789632
LCNB,223453088
LDG,None
LDL,346233312
LDOS,11405665280
LE,389976576
LEA,8299418112
LEAF,173221120
LEAP,None
LECO,5016439808
LEDS,9869805
LEE,135648336
LEG,4977720320
LEJU,168347360
LEN,16835507200
LEN.B,None
LENS,5513472
LEVL,186882160
LEXEA,2518367232
LEXEB,2552707328
LFC,98771918848
LFL,None
LFUS,4266592256
LFVN,165199104
LGC,377587520
LGC.U,None
LGCY,30425444
LGF.A,None
LGF.B,None
LGIH,1706359808
LGND,2225594368
LH,16447529984
LHCG,3627060224
LHO,None
LI,None
LIFE,18140952
LILA,3180538112
LILAK,3211382016
LINC,66621196
LIND,752933952
LINK,12965560
LION,808425792
LITB,94132776
LITE,3437236224
LIVE,12818806
LIVN,3578162688
LIVX,182850640
LIZ,None
LJPC,348490560
LKFN,1153067648
LKM,None
LKQ,8339680256
LKSD,177938096
LL,310948672
LLEX,66033100
LLIT,25276396
LLL,20368904192
LLNW,352696928
LLTC,None
LLY,108980346880
LM,3177339136
LMAT,518729568
LMB,65195896
LMFA,4031198
LMNR,336794560
LMNX,969712704
LMRK,394265504
LMRKN,424710048
LMRKO,393797248
LMRKP,394052960
LMST,111037128
LMT,100366336000
LN,6446499840
LNC,12701070336
LNCR,None
LNDC,277234688
LNG,17394425856
LNN,895262912
LNT,11632306176
LNTH,982924928
LOAN,59408876
LOB,633698560
LOCO,423918176
LOGC,269931584
LOGI,6251948544
LOGM,3589776128
LOMA,1194434176
LONE,57592224
LOOP,298181248
LOPE,6034079232
LORL,1078626688
LOVE,554224384
LOW,75754954752
LOXO,None
LPCN,32146750
LPG,434169792
LPI,592286336
LPL,5204721664
LPLA,6978711040
LPSN,1727856640
LPT,7506361344
LPTH,24781344
LPTX,32587722
LQ,None
LQDT,193609200
LR,None
LRAD,105162280
LRCX,27988373504
LRN,1229536000
LRY,None
LSBK,86975984
LSCC,1886537216
LSI,4599901184
LSS,None
LSTR,3946357504
LSXMA,11442178048
LSXMB,10888423424
LSXMK,11455355904
LTBR,25386390
LTC,1779101568
LTHM,976746624
LTM,5327591424
LTR,None
LTRPA,878214208
LTRPB,857888256
LTRX,77042264
LTXB,1779203968
LU,None
LUB,40750592
LUK,None
LULU,22470273024
LUNA,111740416
LUNG,None
LUV,27354183680
LUX,None
LVLT,None
LVS,43336552448
LW,8921251840
LWAY,36328500
LX,1888099200
LXFR,611377280
LXFT,1977610368
LXK,None
LXP,2243503872
LXRX,600436800
LXU,96090464
LYB,29337305088
LYG,53344342016
LYL,10850330
LYO,None
LYTS,95710112
LYV,13161206784
LZ,None
LZB,1368989696
M,6310827008
MA,271493431296
MAA,13856790528
MAC,5373101056
MACK,77121968
MAFB,None
MAGS,110859760
MAIN,2548989440
MAMS,113655744
MAN,5310908416
MANH,4246442240
MANT,2532848640
MANU,2964758528
MAPI,None
MAR,44127703040
MARA,13728611
MARK,40945252
MARPS,4620000
MAS,11143119872
MASI,7359392768
MAT,3754769664
MATW,1150478976
MATX,1537896064
MAXR,365226016
MAYS,74241184
MB,None
MBFI,None
MBFIO,None
MBI,817937088
MBIN,516101504
MBIO,130799216
MBOT,21409118
MBRX,53326556
MBT,7268642304
MBTF,220922912
MBUU,810660032
MBWM,516174880
MC,2002974976
MCB,322847808
MCBC,345543552
MCC,138364464
MCEP,14878444
MCFT,388903712
MCHP,19907268608
MCK,24748249088
MCO,36006936576
MCRB,133558096
MCRI,772485824
MCRN,893962816
MCRS,None
MCS,1063309440
MCV,1343006848
MCX,1342788992
MCY,3323370240
MD,2248282880
MDB,9400157184
MDC,2057258752
MDCA,206352992
MDCO,2752767488
MDG,None
MDGL,1466906624
MDGS,10091848
MDLZ,77812572160
MDP,2374139904
MDR,1311577984
MDRR,22041250
MDRX,1720968960
MDSO,5575331840
MDT,130195382272
MDU,5090733568
MDWD,105725536
MED,1629509120
MEDI,None
MEDP,1966157824
MEDX,None
MEE,None
MEET,280942112
MEI,945757568
MEIP,188919824
MEL,None
MELI,29812539392
MELR,36683120
MEOH,3268092160
MER,None
MERC,992172864
MESA,292173824
MESO,509302080
MET,45931335680
METC,236420176
MFA,3221475328
MFC,35275350016
MFCB,151044336
MFE,None
MFG,34462547968
MFGP,8587844608
MFIN,164110912
MFLX,None
MFNC,166588256
MFO,10284270592
MFSF,262570960
MG,394743264
MGA,14356238336
MGEN,72069696
MGI,81869904
MGIC,421440416
MGLN,1575356288
MGM,14117643264
MGNX,727691520
MGP,9150639104
MGPI,1090995456
MGRC,1422428416
MGTA,515491296
MGTX,699861184
MGYR,68684848
MHLD,48570744
MHO,790948864
MI,None
MIC,3532139008
MICT,8807600
MIDD,7442847232
MIK,1291848576
MIL,None
MIM,None
MIND,47300760
MINDP,48142644
MINI,1396288256
MIR,None
MITK,379744768
MITL,None
MITSY,26665345024
MITT,516154336
MIXT,353020672
MKC,20829757440
MKC.V,None
MKGI,27949538
MKL,15091921920
MKSI,4009394688
MKTAY,9176148992
MKTX,12613959680
MLAB,786227648
MLCO,8908669952
MLHR,2227233024
MLI,1599698688
MLM,14409647104
MLNM,None
MLNT,23677598
MLNX,6117024256
MLP,195891952
MLR,312818752
MLS,None
MLVF,152985472
MMAC,192004720
MMC,50715099136
MMDM,64329628
MMDMU,None
MMI,1211628416
MMLP,240399520
MMM,96038502400
MMP,14469329920
MMS,4765390336
MMSI,3034620160
MMYT,2494284544
MN,149301104
MNGA,None
MNK,778630208
MNKD,223461792
MNLO,148162608
MNOV,406928320
MNR,1313932416
MNRO,2931293952
MNST,35832528896
MNT,None
MNTA,1146105600
MNTX,107861200
MO,96127868928
MOBL,578401088
MOD,712197248
MODN,593455296
MOFG,454859328
MOG.A,None
MOG.B,None
MOGN,None
MOGO,88494800
MOH,9626418176
MOLX,None
MOLXA,None
MOMO,6332438528
MON,None
MOR,2953894400
MORN,6308351488
MOS,8545204224
MOSY,8955677
MOT,None
MOTA,None
MOTS,75292656
MOV,578775488
MOXC,18658028
MPAA,335178144
MPB,203944560
MPC,31136419840
MPG,None
MPLX,24672479232
MPO,135555600
MPS,None
MPVD,218727824
MPW,7232835072
MPWR,5385999872
MPX,476729056
MRBK,110584824
MRC,1295840640
MRCY,3792492800
MREO,75679200
MRH,None
MRIC,43854524
MRIN,14722050
MRK,212304822272
MRKR,250619600
MRLN,280590848
MRO,10886462464
MRSN,205659840
MRT,349946592
MRTN,964417920
MRTX,3596419072
MRUS,310950016
MRVL,15851355136
MRX,None
MS,71831224320
MSA,3978338560
MSB,386646400
MSBF,69033168
MSBI,583282816
MSCC,None
MSCI,20348293120
MSEX,975099840
MSFT,1006894448640
MSG,7054136320
MSGN,1618055168
MSI,26956349440
MSL,193582864
MSM,3973336064
MSON,245848048
MSTR,1404258688
MSVB,45278040
MT,15227319296
MTB,22646462464
MTBC,56532536
MTBCP,55987444
MTCH,19957135360
MTD,19616434176
MTDR,1957680512
MTEM,275033632
MTEX,40119936
MTFB,19117560
MTG,5037201408
MTH,1987820032
MTLS,773792384
MTN,9545169920
MTOR,1828542720
MTP,27951382
MTR,22605346
MTRN,1278071680
MTRX,512553696
MTSC,995936128
MTSI,994704064
MTSL,3360206
MTW,542903936
MTX,2009111168
MTZ,3729871872
MU,37616398336
MUFG,58228559872
MUR,4156630784
MUSA,2694270976
MUX,547206080
MVBF,185787168
MVC,159703152
MVK,None
MVL,None
MVO,84755000
MW,None
MWA,1526619392
MWV,None
MX,299119488
MXL,1530686080
MXO,None
MXWL,208681984
MYE,663843008
MYFW,103630632
MYGN,1835068800
MYL,8969038848
MYND,16002000
MYOG,None
MYOK,2188809472
MYOS,11188205
MYOV,853408576
MYRG,556435008
MYS,None
MYSZ,18910350
MZOR,None
N,None
NAB,None
NAII,87268776
NAL,None
NANO,781427008
NAO,65030228
NAOV,25338748
NAP,None
NATH,267924320
NATI,5291782656
NATR,176157968
NAUH,1232505
NAV,3288974848
NAVG,2096680192
NAVI,3120576256
NBEV,340775008
NBG,None
NBHC,1097120384
NBIX,7522953216
NBL,9894599680
NBN,195658704
NBR,853416576
NBRV,145114592
NBTB,1599340288
NC,348777056
NCBS,558948480
NCC,None
NCLH,11327623168
NCMI,1036836480
NCNA,380832000
NCOM,None
NCR,3812799232
NCS,716684928
NCT,None
NCTY,51119568
NCX,None
NDAQ,15934192640
NDLS,314661216
NDRA,8536036
NDSN,7602403328
NE,518242400
NEE,97889525760
NEM,29236307968
NEO,2385729280
NEOG,2955747840
NEON,24113590
NEOS,66628152
NEP,2611531776
NEPT,408905664
NERV,195127504
NETE,16869818
NETS,97827032
NEU,4552885248
NEW,481099744
NEWA,57503880
NEWM,579271104
NEWR,5563997184
NEWT,433346112
NEXA,1338620160
NEXT,646676544
NFB,None
NFBK,758551168
NFEC,None
NFG,4736495104
NFLX,157779574784
NFP,None
NFS,None
NFX,None
NGG,36048699392
NGHC,2743192320
NGHCN,2777145344
NGHCP,2720274944
NGL,1855493888
NGS,209353328
NGVC,225732320
NGVT,3781150464
NH,63287276
NHLD,36893712
NHP,None
NHTC,98191328
NHY,None
NI,10648359936
NICK,70081272
NIHD,193003904
NINE,512506528
NIO,2831759872
NIPNY,None
NITE,852154816
NIU,502518144
NJR,4362137088
NK,102621168
NKE,131099672576
NKSH,241226544
NKTR,5752131072
NL,167135328
NLC,None
NLNK,58150712
NLS,73879792
NLSN,8087489024
NLY,13105799168
NM,39431960
NMFC,1147401472
NMIH,1970642176
NMR,10420725760
NMRD,178584160
NMRK,2025678720
NNA,87587192
NNBR,342325344
NNDM,17914972
NNI,2359960832
NNN,8864379904
NOA,274360512
NOAH,2315054336
NODK,390883680
NOK,28284372992
NOMD,4067935744
NOV,8046432256
NOVL,None
NOVN,76644920
NOVT,2887746048
NOW,50933415936
NP,1017062016
NPK,655295360
NPO,1273801600
NPTN,203557440
NR,642592576
NRC,1270728576
NRE,829309504
NRG,9278015488
NRP,457342752
NRPH,None
NRT,63415072
NRZ,6285456384
NS,2925765376
NSA,2617910528
NSANY,26566590464
NSC,54001938432
NSEC,30325680
NSIT,1898262912
NSM,None
NSP,4927096832
NSR,None
NSS,1988432128
NSSC,571798144
NST,None
NSTG,962793280
NSYS,10738680
NT,None
NTAP,15139567616
NTB,1791774080
NTCT,1972972416
NTES,33047209984
NTGN,146472816
NTGR,818784192
NTIC,108897840
NTLA,688406144
NTLI,None
NTNX,5102414336
NTP,370475968
NTR,30871826432
NTRA,1692706048
NTRI,None
NTRP,90456800
NTRS,19214348288
NTRSP,19531945984
NTT,None
NTWK,70506128
NTY,None
NTZ,33131212
NUAN,4967419392
NUE,15495319552
NURO,4568900
NUS,2722172672
NUVA,3073201920
NVAX,143652928
NVCN,34570092
NVCR,5331320832
NVDA,88609497088
NVEC,347507360
NVEE,1030212544
NVFY,20291446
NVIV,6964867
NVLN,16377496
NVLS,None
NVMI,738835328
NVMM,13363644
NVO,116532748288
NVR,12174164992
NVRO,1847611648
NVS,200989900800
NVT,4184925440
NVTA,1699787904
NVTR,64614728
NVUS,21795086
NWBI,1808409088
NWE,3691696384
NWHM,78792968
NWL,6164567040
NWLI,950492032
NWN,1975750400
NWPX,239385120
NWS,6944184832
NWSA,6923332096
NX,551654464
NXEOU,None
NXGN,1202301568
NXL,None
NXPI,26429876224
NXRT,959095232
NXST,4538659840
NXTD,17566750
NXTP,None
NXY,None
NYCB,4720224768
NYMT,1300586624
NYMTN,1299506048
NYMTO,1307941120
NYMTP,1301571584
NYMX,100530480
NYT,5393372672
NZT,None
O,22905092096
OAK,7029690880
OAS,1677786752
OASM,110329680
OBAS,61186728
OBCI,32781420
OBE,112008352
OBLN,29879638
OBNK,792403968
OBSV,539530368
OC,5710781952
OCAS,None
OCC,28111520
OCENY,None
OCFC,1240462592
OCLR,None
OCN,211069248
OCR,None
OCSI,248701472
OCSL,768237376
OCUL,142647200
ODFL,11021689856
ODP,1087093248
OEC,1196321920
OESX,79624536
OFC,3278873088
OFED,132243336
OFG,991683968
OFIX,983285184
OFLX,847509376
OFS,164074304
OGS,4772352512
OHGI,2713494
OHI,8060101632
OHRP,8883845
OI,2628060928
OIBR.C,None
OII,1635284992
OIIM,35669160
OIS,999091456
OKE,27237767168
OKTA,14531036160
OLBK,427182752
OLED,7636592128
OLLI,6034779136
OLN,3651649024
OLP,591930944
OMAB,2446622464
OMC,17461524480
OMCL,3310678016
OMER,827606784
OMF,4242050048
OMI,174962080
OMM,None
OMN,250682432
OMP,650895552
OMX,None
ON,7860611072
ONB,2837597440
ONCE,4161139200
ONCS,25829914
ONCY,36179684
ONDK,326450848
ONE,1289073280
ONS,None
ONTX,19915086
ONVO,59344444
OOMA,245444640
OPB,734177472
OPBK,149525312
OPHC,6986155
OPHT,57575884
OPK,1188109952
OPNT,49182884
OPOF,114127712
OPRA,1063176384
OPRX,161834592
OPTN,264092160
OPTT,5923999
OPY,334566016
OR,1641552256
ORA,3143585024
ORAN,41065070592
ORBC,544180928
ORC,333172320
ORCL,182024028160
ORGS,64622356
ORH,None
ORIG,None
ORLY,29922054144
ORMP,58399824
ORN,63955320
ORPN,None
ORTX,1224934016
OS,None
OSB,1663294592
OSBC,359953856
OSG,140733120
OSIP,None
OSIR,655692416
OSK,5401672192
OSMT,123944600
OSN,13062139
OSPN,563226624
OSS,24142608
OSTK,334767328
OSUR,528052320
OTE,None
OTEL,54916136
OTEX,11045394432
OTG,None
OTIC,73951816
OTIV,20601776
OTTR,2086326656
OTTW,43311684
OUT,3658432256
OVAS,None
OVBC,177973888
OVID,61908800
OVLY,157019664
OVTI,None
OXBR,6506477
OXFD,393489408
OXLCM,466749568
OXM,1204888320
OXPS,None
OXY,35785273344
OZK,3923616512
OZM,752465792
P,None
PA,None
PAA,16658737152
PAAS,2432254208
PAC,5346738176
PACB,1051930816
PACW,4526310400
PAG,3735876096
PAGP,6517393920
PAGS,11706984448
PAH,None
PAHC,1211989760
PALM,None
PAM,1957018752
PANL,164649632
PANW,18766950400
PAR,460969472
PARR,990014976
PAS,None
PATI,62126444
PATK,1045161472
PAVM,34828028
PAY,None
PAYC,12793232384
PAYX,31482824704
PB,4692651008
PBA,18685351936
PBB,9145955328
PBBI,79783824
PBCT,6266876416
PBCTP,6359724544
PBF,3002213632
PBFX,1248706176
PBG,None
PBH,1561203712
PBHC,69655352
PBI,744591104
PBIO,5487646
PBIP,153172720
PBKS,None
PBPB,108225072
PBR,94431354880
PBR.A,None
PBSK,None
PBT,279186688
PBY,2556483840
PBYI,534009504
PCAR,24327229440
PCB,274691552
PCG,10827697152
PCH,2390587392
PCL,None
PCMI,309481664
PCOM,152526880
PCP,None
PCRX,1826974976
PCSB,318099840
PCTI,82465392
PCTY,5206794752
PCU,None
PCW,None
PCYG,102933328
PCYO,223735024
PCZ,None
PD,3599578112
PDCE,2149544704
PDCO,2034063872
PDD,22828296192
PDE,None
PDEX,44252224
PDFS,417681664
PDG,None
PDLB,244640416
PDLI,355354560
PDM,2608649728
PDS,544027904
PDX,None
PE,5554076160
PEBK,162112512
PEBO,619772864
PEER,26705884
PEG,30330855424
PEGA,5573278720
PEGI,2201455104
PEI,517729088
PEIX,43141932
PEN,5586137088
PENN,2298957568
PER,99225000
PERI,78843112
PES,29970308
PESI,47373792
PETC,None
PETM,None
PETQ,773290624
PETS,342249760
PETX,238480976
PETZ,8636523
PFBC,693495424
PFBI,228327840
PFE,238283243520
PFG,15423202304
PFGC,4209503744
PFH,None
PFIE,66730788
PFIN,26279626
PFLT,452858144
PFMT,77596960
PFPT,6029024256
PFS,1590148224
PFSI,1655197312
PFSW,70861104
PGC,531897056
PGL,None
PGLC,None
PGN,None
PGR,48575954944
PGRE,3801378560
PGS,None
PGTI,927720448
PH,21236297728
PHAS,307740256
PHG,35922583552
PHH,None
PHI,5042746880
PHII,None
PHIIK,None
PHIO,9622529
PHLY,None
PHM,9076236288
PHX,214226832
PI,569011648
PICO,226595248
PIH,34934136
PIHPP,34122500
PII,5354670080
PINC,4761809920
PIR,51482148
PIRS,202593168
PIXR,None
PIXY,15713891
PJC,922534208
PJT,1590589440
PK,5537347584
PKBK,235428784
PKD,290061824
PKE,316399552
PKG,8972238848
PKOH,368175872
PKX,16338262016
PL,None
PLAB,571949248
PLAN,6069664256
PLAY,1791588352
PLBC,124252336
PLCE,1499154560
PLCM,None
PLD,50229493760
PLL,77455256
PLLL,None
PLNT,7214745600
PLOW,849128640
PLPC,251909808
PLSE,231128064
PLT,1599826560
PLUG,625808256
PLUS,972455872
PLXP,43767848
PLXS,1581420928
PLYA,1049840768
PM,121616891904
PMBC,174160800
PMCS,None
PMD,53916076
PMI,None
PMT,1635989504
PMTS,29798536
PNBK,60384080
PNC,59987087360
PNFP,4211368704
PNK,None
PNNT,435793152
PNP,None
PNR,6263744000
PNRA,None
PNRG,277683872
PNRL,33656496
PNTR,121221632
PNW,10967217152
PNX,None
PNY,None
POLA,36008360
POM,None
POOL,7536131072
POPE,308332480
POR,4890486784
POST,7828347904
POT,None
POWI,2012945920
POWL,420164416
PPBI,1804218240
PPC,6741822976
PPDF,1421058176
PPDI,None
PPG,26908479488
PPIH,73395576
PPL,22388436992
PPP,None
PPS,None
PPSI,43630200
PPX,None
PQG,2136437248
PRA,2064245632
PRAA,1343360512
PRAH,6114492416
PRAN,17283810
PRCP,42128900
PRE,None
PRFT,1040079936
PRGO,5986324480
PRGS,1834516480
PRGX,158398464
PRH,10834106368
PRI,5074592768
PRIM,959564544
PRK,1632071936
PRLB,2787411200
PRMW,467121344
PRNB,742015680
PRO,2275776512
PROV,152646256
PRPH,34680900
PRPL,359397344
PRQR,427028640
PRS,None
PRSC,835454080
PRSP,3810245120
PRT,99758736
PRTA,362369216
PRTH,398061376
PRTHU,None
PRTK,118318400
PRTO,8030014
PRTY,729686208
PRU,40364519424
PRVB,162522960
PS,4317526016
PSB,5804346880
PSD,None
PSDO,1062629376
PSEC,2388961792
PSMT,1501314944
PSO,8127724032
PSS,None
PSSI,None
PSTG,3918864896
PSTI,87326408
PSX,38787682304
PSXP,6180173312
PT,173435168
PTC,10211128320
PTE,143963600
PTEN,2266993152
PTGX,276072800
PTI,51099300
PTIE,None
PTLA,1838961792
PTNR,724370944
PTP,None
PTR,184279121920
PTRY,None
PTSI,330514176
PTV,None
PTVCA,249190400
PTVCB,256756208
PTX,None
PUB,535657568
PUK,54569115648
PULM,17985992
PUMP,1934089216
PVA,None
PVAC,479605984
PVBC,249037600
PVG,1693497216
PVH,6631797760
PVL,86460000
PVTL,2938777088
PWI,None
PWOD,197452000
PWR,5301001216
PX,None
PXD,24418111488
PXLW,108125000
PXP,None
PXS,22113208
PYDS,52727688
PYPL,133965520896
PYS,None
PYT,None
PYX,164456560
PZE,None
PZN,611704064
PZZA,1607361664
Q,None
QADA,799526976
QADB,806804224
QBAK,10737451
QCOM,83506429952
QCRH,526484800
QD,1918062592
QDEL,2242134784
QEP,1525868416
QES,79480760
QGEN,8833516544
QHC,58427028
QIWI,1110647168
QLGC,None
QNST,804442944
QRHC,38628828
QRTEA,5528560128
QRTEB,5645828608
QRVO,7670876672
QSFT,None
QSR,30909970432
QTM,None
QTNA,940185152
QTNT,575096320
QTRH,124081472
QTRX,666584960
QTS,2837992704
QTT,1102227968
QTWO,3034609664
QUAD,465374592
QUIK,70007400
QUMU,31231344
QUOT,988078272
QURE,2855125248
R,2836103680
RACE,28170106880
RAD,417882208
RADA,132473160
RAI,None
RAIL,77591976
RAMP,3608625408
RAND,18017670
RARE,3444901632
RARX,888788160
RAVE,44309624
RAVN,1238784128
RBB,383011904
RBBN,473847872
RBC,3339788288
RBCAA,974273024
RBCN,21813080
RBK,None
RBNC,247916480
RBS,33586415616
RC,666763968
RCA,None
RCI,27469004800
RCII,1275851392
RCKT,799601472
RCKY,187434096
RCL,25361119232
RCM,1348973056
RCMT,40944192
RCON,15912165
RCP,None
RCUS,369089184
RDA,None
RDC,1391334400
RDCM,119352688
RDFN,1533162880
RDHL,207540016
RDI,324221728
RDIB,316442880
RDN,4838568448
RDNT,639521600
RDS.A,None
RDS.B,None
RDUS,1013901696
RDWR,1131711872
RDY,6106645504
RE,10291343360
RECN,502081440
REDU,539355840
REFR,91113544
REG,11298391040
REGI,539832640
REGN,33483395072
RELL,68140832
RELV,8312927
RELX,47288131584
REN           ,None
RENN,91253808
REP,None
REPH,207171472
REPL,409509568
RES,1620011776
RESI,614065792
RESN,76964680
RESP,None
RETA,2659955968
RETO,34140000
REV,1204420608
REVG,767496640
REX,443162272
REXR,4205290240
REY,None
REZI,2495718144
RF,14063493120
RFIL,70177048
RFP,564709376
RG,None
RGA,9462214656
RGCO,213283824
RGEN,3615706368
RGLD,6178507776
RGLS,18448354
RGNX,1788242304
RGR,888786752
RGS,729094784
RGSE,28041132
RH,1633139712
RHA,None
RHD,None
RHI,6272736768
RHT,32963074048
RI,None
RIBT,95786136
RICK,162509696
RIG,3753644544
RIGL,351105280
RILY,540863104
RIN,None
RIO,65721245696
RIOT,43084172
RIVE,102993528
RJF,11792417792
RKDA,23791552
RL,8656811008
RLGY,833754944
RLH,181953184
RLI,3921669376
RLJ,3105274112
RLM,13987440
RM,298112576
RMAX,976315200
RMBL,96315952
RMBS,1306067968
RMCF,52963972
RMD,16834337792
RMED,43052904
RMK,None
RMNI,320588608
RMTI,244077280
RNET,175183200
RNG,10016210944
RNGR,96182112
RNR,7787492864
RNST,2026780288
RNWK,70575656
ROAD,724945856
ROAN,303554592
ROCK,1211151104
ROG,2898509568
ROH,None
ROIC,2152309504
ROK,18598221824
ROKU,11553993728
ROL,12606629888
ROLL,3654209792
ROP,37940383744
ROS,None
ROSE,132611104
ROSEU,None
ROST,36435451904
ROYT,80253056
RP,5502531584
RPAI,2578436864
RPD,2486965248
RPT,1038965248
RRC,1778832896
RRD,161424000
RRGB,339452512
RRI,None
RRR,2509734912
RRTS,330228864
RS,5823258112
RSA,None
RSG,27910447104
RSH,None
RSLS,662694
RST,585976960
RTEC,753010752
RTIX,328165728
RTP,None
RTRX,791494464
RTTR,7674795
RTW,117985504
RUBI,284170080
RUBY,1131841408
RUK,None
RUN,1881224192
RUSHA,1301914112
RUSHB,1288544384
RUTH,699206656
RVEN,43945064
RVI,649937600
RVLT,5422917
RVNC,476591488
RVSB,183122384
RWLK,30855002
RWT,1557782144
RX,None
RXN,2947783424
RY,111920914432
RYAAY,13153694720
RYAM,334655328
RYI,287912544
RYL,None
RYN,3886005760
RYTM,844966208
RZA,9408906240
SA,745003904
SAB,151289968
SABR,5939252224
SAEX,12957914
SAF,None
SAFC,None
SAFE,919728512
SAFM,3146561024
SAFT,1440385152
SAGE,8993811456
SAIA,1500665344
SAIC,5091277312
SAIL,1542990208
SAL,109399256
SALM,54728948
SALT,291442752
SAM,3696102400
SAMG,174494496
SAN,72779153408
SANM,1945239680
SANW,88520016
SANYY,None
SAP,153478201344
SAR,192568032
SASR,1173471488
SATS,4175972864
SAUC,25243248
SAVE,3361713664
SAY,None
SB,150866976
SBAC,24971845632
SBBC,4554426880
SBBP,163058016
SBCF,1200782976
SBFG,109786152
SBFGP,107149440
SBGI,4688287232
SBGL,2374012928
SBH,1808886784
SBL,None
SBLK,731247488
SBNY,6339071488
SBOT,5597245
SBOW,161938720
SBP,None
SBPH,85010832
SBR,688580352
SBRA,3498474240
SBS,8352206336
SBSI,1121463936
SBT,496569728
SBUX,99899777024
SC,8182449664
SCA,394973120
SCAC,None
SCACU,None
SCCI,None
SCCO,27868233728
SCG,None
SCHL,1156042880
SCHN,577008960
SCHW,57405431808
SCI,8220936704
SCKT,13978042
SCL,2034581632
SCM,258255952
SCMR,None
SCOR,509617152
SCPH,62801756
SCS,1988472448
SCSC,775695424
SCT,None
SCVL,369910496
SCWX,1079332736
SCX,48320160
SCYX,62772020
SD,227950144
SDA,None
SDLP,33863808
SDX,None
SE,13727262720
SEAC,45942412
SEAS,2467027712
SEB,4585457664
SECO,381857440
SEDG,2677886464
SEE,6975539200
SEED,16664164
SEIC,8211676672
SEII,2827674
SELB,100773000
SELF,30935880
SEM,2035302400
SEMG,1007046080
SENEA,239064560
SENEB,241933920
SEO,None
SEP,None
SEPR,None
SERV,7291749376
SES,3676998
SESN,179718336
SF,3995324160
SFA,None
SFB,None
SFBC,88067000
SFBS,1690953984
SFD,None
SFE,252680640
SFET,5304063
SFG,None
SFI,None
SFIX,2796158208
SFL,1353733760
SFLY,1674089984
SFM,2411020800
SFNC,2250221312
SFS,495652000
SG,1506474368
SGA,174391680
SGBX,4240727
SGC,249028240
SGEN,11380773888
SGH,430116160
SGLB,14109504
SGMO,1101707136
SGMS,1879844352
SGOC,91230320
SGP,None
SGR,None
SGRP,13918244
SGRY,432990176
SGU,494483872
SGY,None
SGYP,None
SHAK,2366036736
SHBI,199865136
SHEN,1911513344
SHG,18258980864
SHI,6354387968
SHIP,8082881
SHIPW,38193
SHLO,105978776
SHLX,4545621504
SHO,3111776768
SHOO,2733227008
SHOP,34002702336
SHOS,55620148
SHPG,None
SHR,None
SHSP,158474976
SHU,None
SHW,43525775360
SI,None
SIAL,None
SIBN,426176736
SID,5813110784
SIE,None
SIEN,183182432
SIFI,174896256
SIFY,209278400
SIG,1024231616
SIGA,454081856
SIGI,4424578048
SII,None
SILC,221771504
SIMO,1445147776
SINA,2795326976
SINT,3266860
SIR,None
SIRF,None
SIRI,24464656384
SITC,2366829056
SITE,2818179840
SITO,22203234
SIVB,11141468160
SIX,4367097344
SJI,2969662976
SJIU,4155714048
SJM,14164914176
SJR,10748553216
SJT,183638672
SJW,1755267840
SKIS,58085012
SKM,15959846912
SKS,None
SKT,1614675584
SKX,4829062656
SKY,1428327936
SKYS,28272654
SKYW,3092448000
SLAB,4250846208
SLB,49310269440
SLCA,745831488
SLCT,214524160
SLDB,185879392
SLE,None
SLF,24146429952
SLG,7843573248
SLGL,168844496
SLGN,3334289920
SLH,None
SLM,4249204224
SLMBP,4226215680
SLNO,80712560
SLR,None
SLS,11805261
SM,1325613440
SMAR,4830917120
SMBC,305842272
SMBK,292286016
SMED,53431676
SMFG,46992019456
SMG,5214321152
SMHI,292535584
SMI,5635297792
SMIT,8872336
SMLP,586309632
SMMF,321515968
SMMT,48869640
SMP,983918336
SMPL,1940417280
SMRT,36839648
SMSH,None
SMSI,94600600
SMTC,2796437504
SMTX,75432128
SMV.A,None
SN,None
SNA,8999890944
SNAP,18586632192
SNBR,1132081152
SNCR,268827584
SND,121264392
SNDA,None
SNDE,133866600
SNDK,None
SNDR,3056780544
SNDX,205657120
SNE,58149261312
SNES,35990352
SNFCA,87971432
SNGX,13102979
SNH,1923235712
SNN,19270492160
SNNA,36953924
SNP,82119458816
SNPS,18572486656
SNR,541762624
SNSS,51886528
SNV,5159732224
SNX,4568240640
SNY,110050181120
SO,56914812928
SODA,None
SOFO,5701178
SOGO,1530190208
SOHOB,108579040
SOHOO,107013232
SOHU,541745600
SOI,729519424
SOL,48364012
SOLO,98557712
SON,6529067520
SONA,342706848
SONC,None
SORL,63320072
SOSA,None
SOV,None
SP,729111680
SPA,None
SPAR,300835328
SPB           ,None
SPCB,17202044
SPEX,6626278
SPG,58130239488
SPGI,55287017472
SPH,1426944256
SPHS,22625464
SPI,37881800
SPIL,None
SPKE,361648672
SPKEP,350526208
SPLK,16719036416
SPLP,346676352
SPLS,None
SPN,244852480
SPNE,252849888
SPNS,843696128
SPOK,285107552
SPOT,25307973632
SPP,None
SPR,8719885312
SPRO,183474192
SPSC,1929706880
SPSN,None
SPTN,431044800
SPW,None
SPWH,150416208
SPWR,1187649408
SPXC,1384799104
SQ,28956321792
SQBG,42909012
SQM,8269649408
SQNS,83072816
SR,4325580288
SRA,None
SRC,3879562752
SRCE,1145049472
SRCL,4130525440
SRDX,555196544
SRE,36902445056
SREV,96107136
SRG,2236262656
SRI,804886336
SRLP,389888096
SRNE,339199840
SRP,None
SRPT,9187668992
SRRA,51236176
SRRK,464203776
SRT,303394368
SRVA,None
SRX,None
SRZ,None
SSAG,None
SSB,2384586496
SSCC,None
SSD,2891411200
SSFN,133729512
SSI,25480700
SSKN,70389528
SSL,15978450944
SSLJ,33440000
SSNC,14774849536
SSNT,10081702
SSP,1225526656
SSRM,1455316736
SSTI,512275264
SSTK,1352631168
SSW,1959014272
SSYS,1237158656
STAA,1204323456
STAF,12954849
STAG,3917906176
STAR          ,None
STAY,3204888064
STBA,1266765952
STBZ,None
STC,995583040
STCN,110958024
STE,11674753024
STFC,1497413888
STG,436070400
STI,27814574080
STJ,None
STKL,329421760
STKS,91612480
STL,4281665536
STLD,5762812928
STLR,None
STLRU,None
STM,14593537024
STML,580679808
STMP,654228672
STN,2699339520
STND,126699296
STNE,7387055104
STNG,1279227904
STO,None
STON,83086912
STOR,7894003200
STR,None
STRA,3920729344
STRL,337338720
STRM,28585442
STRO,273270784
STRS,217826752
STRT,88572480
STT,21128318976
STU,None
STWD,6365521920
STXB,300821760
STZ,35897733120
STZ.B,None
SU,48076103680
SUG,None
SUI,12064440320
SUM,1769245440
SUMR,9615387
SUN,2554461696
SUNS,259907952
SUNW,22998280
SUP,93175168
SUPN,1607671168
SUPV,551945856
SURF,98009120
SVA,None
SVBI,108971600
SVM,388530240
SVMK,2206529792
SVR,None
SVRA,382114752
SVVC,76034616
SWC,None
SWCH,3053691136
SWFT,None
SWIR,451778304
SWJ,3965130752
SWK,20864442368
SWKS,12114484224
SWM,1029331456
SWN,1887143936
SWP,15241785344
SWX,4666329088
SWY,None
SXC,503232288
SXCP,510809472
SXE,None
SXI,874190976
SXT,3077875456
SY,1461615872
SYBT,779855040
SYBX,160709840
SYD,None
SYF,23285092352
SYK,72494301184
SYKE,1097713280
SYMC,11838414848
SYNA,967682880
SYNC,65240668
SYNH,4766504448
SYNL,167015520
SYRS,252911408
SYT,None
SYX,757933184
SYY,36749213696
SZE,None
T,237116260352
TA,144608016
TAC,1873221120
TACT,64802716
TAHO,None
TAIT,14819609
TAL,20864892928
TANH,42702736
TAOP,32881982
TAP,12327282688
TAP.A,None
TARO,3544522240
TATT,52804464
TBBK,499177120
TBI,743040512
TBIO,498336448
TBK,741999488
TBL,None
TBLTU,11480738
TBNK,252492992
TBPH,880792640
TC,242886096
TCBI,2951580672
TCBIP,3069399808
TCBK,1148002688
TCCO,6582511
TCDA,1754308736
TCF,3164346624
TCFC,173893008
TCGP,8077708800
TCI,231108080
TCMD,989855360
TCO,3635923456
TCON,17962500
TCP,2662580992
TCPC,862094272
TCRD,210893008
TCX,660603776
TD,104065482752
TDA,2607247104
TDAC,73033464
TDACU,73667584
TDC,4197334016
TDE,2775355392
TDG,24934991872
TDI,3055214080
TDJ,2807433984
TDK,None
TDOC,3987835648
TDS,3442391296
TDS.S,None
TDY,9115628544
TE,None
TEAM,31682777088
TECD,3515201280
TECH,7951394304
TECK,12117678080
TEDU,173037872
TEF,42842701824
TEK,None
TEL,30624487424
TELL,2079929984
TELN,None
TEM,None
TEN,844313024
TENB,2517955840
TEO,6606692864
TER,7748768256
TERP,2840148224
TESS,151740880
TEUM,286178752
TEX,2012824064
TFIG,None
TFSL,4910702592
TFX,14089923584
TG,541294528
TGA,112536504
TGE,6605722624
TGEN,84454984
TGH,556801344
TGI,997596928
TGLS,300445088
TGNA,3353424896
TGP,1039441024
TGS,2057000192
TGT,44496207872
TGTX,636305920
THC,2164740608
THE,None
THFF,476368128
THG,5096197120
THO,3041707776
THOR,389886976
THR,777243584
THRM,1338581248
THS,3062376960
THST,8555752
THX,None
TI,10385193984
TI.A,None
TIBR,57380232
TIBRU,57153840
TIBX,None
TIE,None
TIER,1553463552
TIF,10983691264
TILE,898012864
TIN,None
TIPT,215787504
TISA,None
TISI,444037728
TITN,354111584
TIVO,888924864
TJX,62961819648
TK,298012800
TKA,None
TKC,4723307008
TKR,3617208064
TLAB,None
TLB,None
TLC,169457936
TLD,None
TLF,45563500
TLGT,34265012
TLK,27601997824
TLM,None
TLND,1220998656
TLP,None
TLRA,325285568
TLRD,279005248
TLRY,3772562688
TLS,None
TLSA,103463616
TLYS,239721888
TM,166534856704
TMA,None
TMDI,73847104
TMHC,2211801344
TMO,112670646272
TMS,None
TMSR,31416588
TMST,333953600
TMUS,65806958592
TMX,None
TNAV,329542464
TNB,None
TNC,1080945536
TNDM,4163418112
TNE,None
TNET,4552953856
TNK,293109728
TNP,275954496
TNT,None
TNXP,9682671
TOC,None
TOCA,126757528
TOO,471969120
TOPS,13413456
TORC,314179200
TOT,139913248768
TOUR,376174784
TOWN,1880134016
TOWR,376120576
TPB,1036671040
TPC,742165184
TPCO,344421024
TPH,1797534464
TPIC,776985088
TPK,None
TPL,5865983488
TPNL,434139360
TPP,None
TPR,8776613888
TPRE,947177856
TPVG,345989408
TPX,3667010560
TR,2418381568
TRBS,None
TRC,437773152
TRCB,125202632
TRCH,74163704
TRCO,4079520256
TREC,236993296
TREE,5140177408
TREX,4043066368
TRGP,8959587328
TRH,None
TRHC,897226496
TRI,33644038144
TRIL,10434720
TRIP,6293842432
TRK,750999744
TRMD,784069632
TRMK,2083945088
TRN,2617533952
TRNO,2949945600
TRNS,180344112
TRO,None
TROV,15991862
TROW,24993044480
TROX,1635032064
TRPX,11327207
TRQ,2468081152
TRS,1354598784
TRST,718421504
TRTN,2351427328
TRTX,1452344064
TRU,13030108160
TRUE,573825024
TRUP,1115741696
TRV,39163101184
TRVG,1326274688
TRW,None
TS,14551712768
TSBK,218282560
TSC,619962816
TSCAP,629528704
TSCO,13098101760
TSE,1607520384
TSEM,1630503936
TSFG,None
TSG,4867476480
TSLA,36439855104
TSLX,1314018816
TSM,194370568192
TSN,30078914560
TSO,None
TSP,None
TSQ,100876776
TSRI,9614094
TSRO,None
TSS,22846441472
TST,36585512
TSU,6812160000
TTC,7203807744
TTD,10861373440
TTEC,1848631296
TTEK,4042014976
TTGT,540051776
TTI,183389152
TTM,7703617536
TTMI,971295808
TTNP,18373328
TTOO,68282368
TTPH,39346680
TTS,213325040
TTWO,11887710208
TU,22724919296
TUES,68837688
TUP,965473984
TURN,59442256
TUSK,280029984
TV,5471016448
TVE,13298250
TVPT,1992737280
TVTY,892510016
TW,9790724096
TWI,262801760
TWIN,194381744
TWLO,19175708672
TWNK,1727804544
TWO,3374944000
TWOU,2231097088
TWST,826537408
TWTR,29082107904
TWX,None
TX,4589680640
TXI,None
TXMD,759849344
TXN,104300363776
TXRH,3985233920
TXT,11430941696
TXU,None
TYC,None
TYHT,15209747
TYL,8431701504
TYME,111946000
TYPE,649660480
TZOO,203254288
UA,10918643712
UAA,10853886976
UAL,21910751232
UAN,403287488
UB,None
UBA,793630720
UBCP,62886724
UBFO,176440128
UBNK,669884608
UBNT,9091576832
UBOH,75748024
UBS,43460698112
UBSH,2894868480
UBSI,3802874368
UBX,354841728
UCBI,2156194816
UCFC,452325952
UCTT,527080960
UDR,13988402176
UE,2274867712
UEIC,507531200
UFCS,1198892416
UFI,334939232
UFPI,2190280704
UFPT,291820160
UFS,2777679616
UG,88440656
UGI,9355422720
UGP,5549978624
UHAL,7699787264
UHT,1146412416
UIHC,619726912
UIS,500073088
UL,167113916416
ULBI,124336520
ULH,548513984
ULTA,19768055808
ULTI,10497616896
UMBF,3070128384
UMC,5035886080
UMH,540902848
UMPQ,3622552064
UMRX,87946896
UN,164600430592
UNAM,31364132
UNB,149308192
UNF,3053669888
UNFI,520395776
UNH,234516135936
UNIT,2001852160
UNM,7100131840
UNP,121726902272
UNT,467040576
UNTY,216430864
UNVR,3655855104
UONE,81584488
UONEK,85570640
UPL,75025280
UPLD,1235200384
UPM,None
UPS,84552065024
UPWK,1542032384
URGN,776142976
URI,9610223616
UROV,239247680
URS,None
USAK,90740240
USAP,117547608
USAT,427206400
USATP,410573184
USAU,21227614
USB,83853795328
USCR,784698880
USDP,294987232
USEG,4978905
USFD,7822156800
USG,6091504640
USLM,448110624
USNA,1728923520
USPH,1505809792
USPI,None
USU,None
USWS,471122304
USX,250658768
UTHR,3591617792
UTI,87456080
UTL,872161920
UTMD,305076064
UTR,None
UTSI,109698200
UTX,113951752192
UVE,1002014400
UVN,None
UVV,1512114560
UXIN,619411584
UZA,2166130944
UZC,2240179456
V,371625590784
VAC,4188690944
VAL,None
VALE,63513063424
VALU,262470928
VAPO,320799392
VAR,11885692928
VBFC,47655188
VBIV,168955088
VBTX,1404378112
VC,1418466432
VCEL,693798528
VCI,None
VCNX,67667528
VCTR,1159070848
VCYT,1213921920
VEC,420716480
VECO,575827584
VEDL,8888932352
VEEV,23844698112
VER,9012446208
VERI,174946368
VERU,121812992
VET,3326750464
VFC,33642235904
VG,2872949760
VGR,1406770816
VHI,729217728
VIA,12032203776
VIAB,12031269888
VIAV,3004934144
VICI,9103029248
VICL,19171068
VICR,1222433280
VIP,None
VIPS,4811615744
VIRC,62945104
VIRT,4201752832
VIST,None
VIV,20118325248
VIVE,22547166
VIVO,482129472
VJET,42315000
VKTX,564853952
VLGEA,366936320
VLI,None
VLO,31180421120
VLP,None
VLRS,926944256
VLRX,18528828
VLY,3387147008
VLYPO,3452512256
VLYPP,3446356992
VMC,17750523904
VMET,None
VMI,2557222144
VNCE,156561808
VNDA,744139968
VNE,1884414208
VNET,799114240
VNO,13916782592
VNTR,506155264
VOC,76670000
VOD,45353193472
VOLVY,None
VOXX,87116760
VOYA,7756700160
VPG,511219520
VPHM,None
VRA,366258848
VRAY,809555136
VRCA,208753024
VREX,1072783040
VRML,89184984
VRNA,81782248
VRNS,1834173184
VRNT,3724742144
VRRM,1983548032
VRS,598523328
VRSN,24681607168
VRTS,737227904
VRTSP,758410432
VRTU,1306744320
VRTV,307200896
VRTX,44439552000
VRX,None
VSAT,5491969536
VSEA,None
VSEC,272622496
VSH,2290754816
VSI,92960880
VSLR,824986112
VSM,5609525248
VST,11732370432
VSTM,92346120
VSTO,478566784
VTEC,None
VTGN,33753304
VTL,879169
VTNR,60406500
VTR,24064423936
VTS,None
VTSI,22816068
VTVT,72392456
VUZI,56032264
VVC,None
VVI,1303018368
VVPR,13561876
VVUS,35421876
VVV,3536165376
VXRT,10257548
VYGR,871454592
VZ,236728041472
VZA,241255104512
W,14138219520
WAAS,501283040
WAB,12451188736
WABC,1631682688
WACLY,1730420736
WAFD,2630466560
WAG,None
WAGE,2053299840
WAIR,1057280064
WAL,4525762560
WASH,857226176
WAT,14504337408
WATT,129895536
WB,9541484544
WBA,47516119040
WBAI,398349536
WBC,6714727936
WBK,67579494400
WBS,4294785280
WBSN,None
WBT,2246114304
WCC,2193497600
WCFB,20386892
WCG,14503979008
WCI,None
WCN,24746485760
WD,1615426432
WDAY,47875117056
WDC,10823346176
WDFC,2263723008
WDR,1243717120
WEBK,81055896
WEC,26168737792
WEI,660541120
WELL,33703239680
WEN,4586792960
WERN,2031646976
WES,13068790784
WETF,933431168
WEX,8577752576
WEYS,257252608
WF,8076976128
WFC,205076742144
WFR,None
WFSI,None
WFT,366817440
WGL,None
WGO,1096767104
WGP,None
WGR,None
WH,5484480000
WHD,2460600320
WHF,297300640
WHG,247268288
WHI,None
WHLM,26490598
WHLR,17076676
WHLRD,16386233
WHLRP,17294208
WHQ,None
WHR,8154301952
WIFI,759624448
WILC,129098776
WIN,None
WINA,642346176
WING,2658872832
WINS,297564000
WIRE,1110103552
WISA,26413966
WIT,25682468864
WIX,7219107328
WK,2450806016
WKHS,149236032
WL,None
WLFC,293173984
WLH,726210880
WLK,8161797632
WLKP,840294208
WLL,1627515264
WLP,None
WLT,None
WLTW,24151623680
WM,48566632448
WMB,33638735872
WMC,513615424
WMG,None
WMK,1021601216
WMS,1745771520
WMT,304086745088
WNC,802574272
WNS,2941049600
WOOF,None
WOW,615296384
WP,38544977920
WPC,14488855552
WPI,None
WPM,10257884160
WPO,None
WPP,16151649280
WPRT,374894112
WPX,4615378432
WR,None
WRB,11776382976
WRD,None
WRE,2198855168
WRI,3668199680
WRK,9361506304
WRLD,1165595392
WRLS,89889800
WRLSU,89544016
WSBC,1921542784
WSC,1659730048
WSFS,2130405248
WSH,None
WSM,4474718208
WSO,6308687360
WSR,516812736
WST,8767339520
WSTC,None
WSTG,50690536
WSTL,26922498
WTBA,345149600
WTFC,4084276224
WTI,608200448
WTNY,None
WTR,8810780672
WTRH,469240928
WTS,2967419136
WTTR,1177726592
WTW,1277232256
WU,8678786048
WUBA,8562261504
WVE,835263616
WVFC,30863114
WVVI,35148872
WVVIP,36088764
WWD,7056445440
WWE,5719166976
WWR,9109854
WWW,2529509120
WY,17718458368
WYND,3911372544
WYNN,11894016000
XAN,345434368
XBIO,6699762
XBIT,319321088
XEC,5528426496
XEL,30587015168
XELA,312297440
XELB,24212992
XENE,267266000
XENT,738662528
XERS,229261104
XGTI,None
XHR,2446278400
XIN,267166496
XL,None
XLNX,27293859840
XLRN,2090568576
XMSR,None
XNET,147689440
XOG,594398848
XOM,315554693120
XOMA,143166096
XON,870874176
XONE,124129896
XOXO,None
XPER,1031516224
XRAY,13088729088
XRF,22216042
XRX,7673258496
XTLB,10414803
XTO,None
XYF,613462720
XYL,14315468800
Y,9975943168
YECO,None
YELP,2471180032
YETI,2125884160
YEXT,2048886912
YGYI,136653008
YI,584676288
YIN,329307520
YMAB,738583936
YNDX,12140491776
YOGA,12700996
YORW,447251488
YPF,6180130304
YRCW,136906304
YRD,903282432
YRIV,100132560
YTEN,11104040
YTRA,167112640
YUM,33372694528
YUMC,15459118080
YVR,6721207
YY,5896601600
YZC,None
Z,9507563520
ZAGG,193004208
ZAYO,7698885120
ZEAL,655684352
ZEN,9791823872
ZEUS,142839696
ZFGN,50391316
ZG,9499881472
ZGEN,None
ZGNX,1654296960
ZION,7967136256
ZIOP,672031104
ZIXI,466595680
ZLAB,1843642112
ZLC,None
ZN,28528782
ZNH,11945998336
ZNT,None
ZS,9374340096
ZSAN,48915480
ZTO,13835874304
ZTS,52680880128
ZUMZ,556838016
ZUO,1612651136
ZYME,675693696
ZYNE,237384528
FONR,130091704
FOR,773320960
FORD,12298666
FORK,37278324
GSUM,104833560
GSVC,128061648
GT,3468467456
GTES,3222411264
GTHX,710378048
GTIM,24106390
GTK,None
